#,,,"generated_by='OpenQuake engine 3.15.0-gite516637382', start_date='2022-08-04T17:05:27', checksum=2488195332, investigation_time=1.0, mag_bin_edges=[4.5, 5.0, 5.5, 6.0, 6.5, 7.0, 7.5], dist_bin_edges=[0.0, 10.0, 20.0, 30.0, 40.0, 50.0, 60.0, 70.0, 80.0, 90.0, 100.0, 110.0, 120.0, 130.0, 140.0, 150.0, 160.0, 170.0, 180.0, 190.0, 200.0, 210.0, 220.0, 230.0, 240.0, 250.0], lon_bin_edges=[2.5398271125312304, 2.805674853153627, 3.0715225937760238, 3.3373703343984205, 3.603218075020817, 3.869065815643214, 4.1349135562656105, 4.400761296888007, 4.666609037510404, 4.932456778132801, 5.198304518755197, 5.4641522593775935, 5.729999999999991, 5.995847740622388, 6.261695481244784, 6.52754322186718, 6.793390962489577, 7.059238703111974, 7.325086443734371, 7.590934184356768, 7.856781924979164, 8.122629665601561, 8.388477406223958, 8.654325146846354, 8.920172887468752], lat_bin_edges=[42.9417, 43.12905833333333, 43.31641666666666, 43.503775, 43.69113333333333, 43.87849166666666, 44.06585, 44.25320833333333, 44.44056666666667, 44.627925, 44.81528333333333, 45.00264166666667, 45.19, 45.37735833333333, 45.56471666666667, 45.752075, 45.939433333333334, 46.12679166666667, 46.31415, 46.501508333333334, 46.68886666666667, 46.876225000000005, 47.063583333333334, 47.25094166666667, 47.438300000000005], eps_bin_edges=[-3.0, -1.0, 1.0, 3.0], tectonic_region_types=['Stable Shallow Crust'], rlz_ids=[5], weights=[1.0], lon=5.72999999999999, lat=45.19"
imt,poe,dist,rlz5
PGA,0.002105,5.00000E+00,2.06058E-04
PGA,0.002105,1.50000E+01,1.00927E-03
PGA,0.002105,2.50000E+01,4.78555E-04
PGA,0.002105,3.50000E+01,2.34520E-04
PGA,0.002105,4.50000E+01,1.28803E-04
PGA,0.002105,5.50000E+01,2.85149E-05
PGA,0.002105,6.50000E+01,1.36973E-05
PGA,0.002105,7.50000E+01,6.36706E-06
PGA,0.002105,8.50000E+01,2.46812E-06
PGA,0.002105,9.50000E+01,1.29209E-06
PGA,0.002105,1.05000E+02,6.79393E-07
PGA,0.002105,1.15000E+02,3.11163E-07
PGA,0.002105,1.25000E+02,2.27280E-07
PGA,0.002105,1.35000E+02,8.18220E-08
PGA,0.002105,1.45000E+02,1.25921E-08
PGA,0.002105,1.55000E+02,0.00000E+00
PGA,0.002105,1.65000E+02,0.00000E+00
PGA,0.002105,1.75000E+02,0.00000E+00
PGA,0.002105,1.85000E+02,0.00000E+00
PGA,0.002105,1.95000E+02,0.00000E+00
PGA,0.002105,2.05000E+02,0.00000E+00
PGA,0.002105,2.15000E+02,0.00000E+00
PGA,0.002105,2.25000E+02,0.00000E+00
PGA,0.002105,2.35000E+02,0.00000E+00
PGA,0.002105,2.45000E+02,0.00000E+00
PGA,0.000404,5.00000E+00,1.15420E-04
PGA,0.000404,1.50000E+01,2.13192E-04
PGA,0.000404,2.50000E+01,5.39969E-05
PGA,0.000404,3.50000E+01,1.63847E-05
PGA,0.000404,4.50000E+01,4.67770E-06
PGA,0.000404,5.50000E+01,5.03747E-07
PGA,0.000404,6.50000E+01,8.58332E-08
PGA,0.000404,7.50000E+01,4.43259E-09
PGA,0.000404,8.50000E+01,0.00000E+00
PGA,0.000404,9.50000E+01,0.00000E+00
PGA,0.000404,1.05000E+02,0.00000E+00
PGA,0.000404,1.15000E+02,0.00000E+00
PGA,0.000404,1.25000E+02,0.00000E+00
PGA,0.000404,1.35000E+02,0.00000E+00
PGA,0.000404,1.45000E+02,0.00000E+00
PGA,0.000404,1.55000E+02,0.00000E+00
PGA,0.000404,1.65000E+02,0.00000E+00
PGA,0.000404,1.75000E+02,0.00000E+00
PGA,0.000404,1.85000E+02,0.00000E+00
PGA,0.000404,1.95000E+02,0.00000E+00
PGA,0.000404,2.05000E+02,0.00000E+00
PGA,0.000404,2.15000E+02,0.00000E+00
PGA,0.000404,2.25000E+02,0.00000E+00
PGA,0.000404,2.35000E+02,0.00000E+00
PGA,0.000404,2.45000E+02,0.00000E+00
PGA,0.0002,5.00000E+00,7.96441E-05
PGA,0.0002,1.50000E+01,9.83228E-05
PGA,0.0002,2.50000E+01,1.79948E-05
PGA,0.0002,3.50000E+01,4.07769E-06
PGA,0.0002,4.50000E+01,6.28819E-07
PGA,0.0002,5.50000E+01,1.72519E-08
PGA,0.0002,6.50000E+01,0.00000E+00
PGA,0.0002,7.50000E+01,0.00000E+00
PGA,0.0002,8.50000E+01,0.00000E+00
PGA,0.0002,9.50000E+01,0.00000E+00
PGA,0.0002,1.05000E+02,0.00000E+00
PGA,0.0002,1.15000E+02,0.00000E+00
PGA,0.0002,1.25000E+02,0.00000E+00
PGA,0.0002,1.35000E+02,0.00000E+00
PGA,0.0002,1.45000E+02,0.00000E+00
PGA,0.0002,1.55000E+02,0.00000E+00
PGA,0.0002,1.65000E+02,0.00000E+00
PGA,0.0002,1.75000E+02,0.00000E+00
PGA,0.0002,1.85000E+02,0.00000E+00
PGA,0.0002,1.95000E+02,0.00000E+00
PGA,0.0002,2.05000E+02,0.00000E+00
PGA,0.0002,2.15000E+02,0.00000E+00
PGA,0.0002,2.25000E+02,0.00000E+00
PGA,0.0002,2.35000E+02,0.00000E+00
PGA,0.0002,2.45000E+02,0.00000E+00
PGA,0.0001,5.00000E+00,5.16793E-05
PGA,0.0001,1.50000E+01,4.27857E-05
PGA,0.0001,2.50000E+01,5.26754E-06
PGA,0.0001,3.50000E+01,7.00569E-07
PGA,0.0001,4.50000E+01,1.55407E-08
PGA,0.0001,5.50000E+01,0.00000E+00
PGA,0.0001,6.50000E+01,0.00000E+00
PGA,0.0001,7.50000E+01,0.00000E+00
PGA,0.0001,8.50000E+01,0.00000E+00
PGA,0.0001,9.50000E+01,0.00000E+00
PGA,0.0001,1.05000E+02,0.00000E+00
PGA,0.0001,1.15000E+02,0.00000E+00
PGA,0.0001,1.25000E+02,0.00000E+00
PGA,0.0001,1.35000E+02,0.00000E+00
PGA,0.0001,1.45000E+02,0.00000E+00
PGA,0.0001,1.55000E+02,0.00000E+00
PGA,0.0001,1.65000E+02,0.00000E+00
PGA,0.0001,1.75000E+02,0.00000E+00
PGA,0.0001,1.85000E+02,0.00000E+00
PGA,0.0001,1.95000E+02,0.00000E+00
PGA,0.0001,2.05000E+02,0.00000E+00
PGA,0.0001,2.15000E+02,0.00000E+00
PGA,0.0001,2.25000E+02,0.00000E+00
PGA,0.0001,2.35000E+02,0.00000E+00
PGA,0.0001,2.45000E+02,0.00000E+00
SA(0.03),0.002105,5.00000E+00,2.03739E-04
SA(0.03),0.002105,1.50000E+01,1.03606E-03
SA(0.03),0.002105,2.50000E+01,4.74050E-04
SA(0.03),0.002105,3.50000E+01,2.26705E-04
SA(0.03),0.002105,4.50000E+01,1.23569E-04
SA(0.03),0.002105,5.50000E+01,2.71294E-05
SA(0.03),0.002105,6.50000E+01,1.30574E-05
SA(0.03),0.002105,7.50000E+01,5.92633E-06
SA(0.03),0.002105,8.50000E+01,2.30614E-06
SA(0.03),0.002105,9.50000E+01,1.16803E-06
SA(0.03),0.002105,1.05000E+02,6.07879E-07
SA(0.03),0.002105,1.15000E+02,2.75741E-07
SA(0.03),0.002105,1.25000E+02,1.94977E-07
SA(0.03),0.002105,1.35000E+02,6.57033E-08
SA(0.03),0.002105,1.45000E+02,8.66242E-09
SA(0.03),0.002105,1.55000E+02,0.00000E+00
SA(0.03),0.002105,1.65000E+02,0.00000E+00
SA(0.03),0.002105,1.75000E+02,0.00000E+00
SA(0.03),0.002105,1.85000E+02,0.00000E+00
SA(0.03),0.002105,1.95000E+02,0.00000E+00
SA(0.03),0.002105,2.05000E+02,0.00000E+00
SA(0.03),0.002105,2.15000E+02,0.00000E+00
SA(0.03),0.002105,2.25000E+02,0.00000E+00
SA(0.03),0.002105,2.35000E+02,0.00000E+00
SA(0.03),0.002105,2.45000E+02,0.00000E+00
SA(0.03),0.000404,5.00000E+00,1.11787E-04
SA(0.03),0.000404,1.50000E+01,2.17771E-04
SA(0.03),0.000404,2.50000E+01,5.41402E-05
SA(0.03),0.000404,3.50000E+01,1.60599E-05
SA(0.03),0.000404,4.50000E+01,4.58098E-06
SA(0.03),0.000404,5.50000E+01,4.83493E-07
SA(0.03),0.000404,6.50000E+01,7.56185E-08
SA(0.03),0.000404,7.50000E+01,2.86773E-09
SA(0.03),0.000404,8.50000E+01,0.00000E+00
SA(0.03),0.000404,9.50000E+01,0.00000E+00
SA(0.03),0.000404,1.05000E+02,0.00000E+00
SA(0.03),0.000404,1.15000E+02,0.00000E+00
SA(0.03),0.000404,1.25000E+02,0.00000E+00
SA(0.03),0.000404,1.35000E+02,0.00000E+00
SA(0.03),0.000404,1.45000E+02,0.00000E+00
SA(0.03),0.000404,1.55000E+02,0.00000E+00
SA(0.03),0.000404,1.65000E+02,0.00000E+00
SA(0.03),0.000404,1.75000E+02,0.00000E+00
SA(0.03),0.000404,1.85000E+02,0.00000E+00
SA(0.03),0.000404,1.95000E+02,0.00000E+00
SA(0.03),0.000404,2.05000E+02,0.00000E+00
SA(0.03),0.000404,2.15000E+02,0.00000E+00
SA(0.03),0.000404,2.25000E+02,0.00000E+00
SA(0.03),0.000404,2.35000E+02,0.00000E+00
SA(0.03),0.000404,2.45000E+02,0.00000E+00
SA(0.03),0.0002,5.00000E+00,7.66169E-05
SA(0.03),0.0002,1.50000E+01,1.00775E-04
SA(0.03),0.0002,2.50000E+01,1.82803E-05
SA(0.03),0.0002,3.50000E+01,4.02459E-06
SA(0.03),0.0002,4.50000E+01,6.07198E-07
SA(0.03),0.0002,5.50000E+01,1.45435E-08
SA(0.03),0.0002,6.50000E+01,0.00000E+00
SA(0.03),0.0002,7.50000E+01,0.00000E+00
SA(0.03),0.0002,8.50000E+01,0.00000E+00
SA(0.03),0.0002,9.50000E+01,0.00000E+00
SA(0.03),0.0002,1.05000E+02,0.00000E+00
SA(0.03),0.0002,1.15000E+02,0.00000E+00
SA(0.03),0.0002,1.25000E+02,0.00000E+00
SA(0.03),0.0002,1.35000E+02,0.00000E+00
SA(0.03),0.0002,1.45000E+02,0.00000E+00
SA(0.03),0.0002,1.55000E+02,0.00000E+00
SA(0.03),0.0002,1.65000E+02,0.00000E+00
SA(0.03),0.0002,1.75000E+02,0.00000E+00
SA(0.03),0.0002,1.85000E+02,0.00000E+00
SA(0.03),0.0002,1.95000E+02,0.00000E+00
SA(0.03),0.0002,2.05000E+02,0.00000E+00
SA(0.03),0.0002,2.15000E+02,0.00000E+00
SA(0.03),0.0002,2.25000E+02,0.00000E+00
SA(0.03),0.0002,2.35000E+02,0.00000E+00
SA(0.03),0.0002,2.45000E+02,0.00000E+00
SA(0.03),0.0001,5.00000E+00,4.96445E-05
SA(0.03),0.0001,1.50000E+01,4.44732E-05
SA(0.03),0.0001,2.50000E+01,5.49003E-06
SA(0.03),0.0001,3.50000E+01,6.97571E-07
SA(0.03),0.0001,4.50000E+01,1.31835E-08
SA(0.03),0.0001,5.50000E+01,0.00000E+00
SA(0.03),0.0001,6.50000E+01,0.00000E+00
SA(0.03),0.0001,7.50000E+01,0.00000E+00
SA(0.03),0.0001,8.50000E+01,0.00000E+00
SA(0.03),0.0001,9.50000E+01,0.00000E+00
SA(0.03),0.0001,1.05000E+02,0.00000E+00
SA(0.03),0.0001,1.15000E+02,0.00000E+00
SA(0.03),0.0001,1.25000E+02,0.00000E+00
SA(0.03),0.0001,1.35000E+02,0.00000E+00
SA(0.03),0.0001,1.45000E+02,0.00000E+00
SA(0.03),0.0001,1.55000E+02,0.00000E+00
SA(0.03),0.0001,1.65000E+02,0.00000E+00
SA(0.03),0.0001,1.75000E+02,0.00000E+00
SA(0.03),0.0001,1.85000E+02,0.00000E+00
SA(0.03),0.0001,1.95000E+02,0.00000E+00
SA(0.03),0.0001,2.05000E+02,0.00000E+00
SA(0.03),0.0001,2.15000E+02,0.00000E+00
SA(0.03),0.0001,2.25000E+02,0.00000E+00
SA(0.03),0.0001,2.35000E+02,0.00000E+00
SA(0.03),0.0001,2.45000E+02,0.00000E+00
SA(0.05),0.002105,5.00000E+00,2.02361E-04
SA(0.05),0.002105,1.50000E+01,1.06128E-03
SA(0.05),0.002105,2.50000E+01,4.72663E-04
SA(0.05),0.002105,3.50000E+01,2.19109E-04
SA(0.05),0.002105,4.50000E+01,1.15664E-04
SA(0.05),0.002105,5.50000E+01,2.44645E-05
SA(0.05),0.002105,6.50000E+01,1.12827E-05
SA(0.05),0.002105,7.50000E+01,4.80231E-06
SA(0.05),0.002105,8.50000E+01,1.73946E-06
SA(0.05),0.002105,9.50000E+01,8.07352E-07
SA(0.05),0.002105,1.05000E+02,3.76332E-07
SA(0.05),0.002105,1.15000E+02,1.34589E-07
SA(0.05),0.002105,1.25000E+02,7.31610E-08
SA(0.05),0.002105,1.35000E+02,9.71578E-09
SA(0.05),0.002105,1.45000E+02,0.00000E+00
SA(0.05),0.002105,1.55000E+02,0.00000E+00
SA(0.05),0.002105,1.65000E+02,0.00000E+00
SA(0.05),0.002105,1.75000E+02,0.00000E+00
SA(0.05),0.002105,1.85000E+02,0.00000E+00
SA(0.05),0.002105,1.95000E+02,0.00000E+00
SA(0.05),0.002105,2.05000E+02,0.00000E+00
SA(0.05),0.002105,2.15000E+02,0.00000E+00
SA(0.05),0.002105,2.25000E+02,0.00000E+00
SA(0.05),0.002105,2.35000E+02,0.00000E+00
SA(0.05),0.002105,2.45000E+02,0.00000E+00
SA(0.05),0.000404,5.00000E+00,1.09284E-04
SA(0.05),0.000404,1.50000E+01,2.22023E-04
SA(0.05),0.000404,2.50000E+01,5.36696E-05
SA(0.05),0.000404,3.50000E+01,1.51956E-05
SA(0.05),0.000404,4.50000E+01,4.08002E-06
SA(0.05),0.000404,5.50000E+01,3.82273E-07
SA(0.05),0.000404,6.50000E+01,4.14300E-08
SA(0.05),0.000404,7.50000E+01,3.45399E-10
SA(0.05),0.000404,8.50000E+01,0.00000E+00
SA(0.05),0.000404,9.50000E+01,0.00000E+00
SA(0.05),0.000404,1.05000E+02,0.00000E+00
SA(0.05),0.000404,1.15000E+02,0.00000E+00
SA(0.05),0.000404,1.25000E+02,0.00000E+00
SA(0.05),0.000404,1.35000E+02,0.00000E+00
SA(0.05),0.000404,1.45000E+02,0.00000E+00
SA(0.05),0.000404,1.55000E+02,0.00000E+00
SA(0.05),0.000404,1.65000E+02,0.00000E+00
SA(0.05),0.000404,1.75000E+02,0.00000E+00
SA(0.05),0.000404,1.85000E+02,0.00000E+00
SA(0.05),0.000404,1.95000E+02,0.00000E+00
SA(0.05),0.000404,2.05000E+02,0.00000E+00
SA(0.05),0.000404,2.15000E+02,0.00000E+00
SA(0.05),0.000404,2.25000E+02,0.00000E+00
SA(0.05),0.000404,2.35000E+02,0.00000E+00
SA(0.05),0.000404,2.45000E+02,0.00000E+00
SA(0.05),0.0002,5.00000E+00,7.45908E-05
SA(0.05),0.0002,1.50000E+01,1.03315E-04
SA(0.05),0.0002,2.50000E+01,1.82787E-05
SA(0.05),0.0002,3.50000E+01,3.78174E-06
SA(0.05),0.0002,4.50000E+01,5.00964E-07
SA(0.05),0.0002,5.50000E+01,7.68606E-09
SA(0.05),0.0002,6.50000E+01,0.00000E+00
SA(0.05),0.0002,7.50000E+01,0.00000E+00
SA(0.05),0.0002,8.50000E+01,0.00000E+00
SA(0.05),0.0002,9.50000E+01,0.00000E+00
SA(0.05),0.0002,1.05000E+02,0.00000E+00
SA(0.05),0.0002,1.15000E+02,0.00000E+00
SA(0.05),0.0002,1.25000E+02,0.00000E+00
SA(0.05),0.0002,1.35000E+02,0.00000E+00
SA(0.05),0.0002,1.45000E+02,0.00000E+00
SA(0.05),0.0002,1.55000E+02,0.00000E+00
SA(0.05),0.0002,1.65000E+02,0.00000E+00
SA(0.05),0.0002,1.75000E+02,0.00000E+00
SA(0.05),0.0002,1.85000E+02,0.00000E+00
SA(0.05),0.0002,1.95000E+02,0.00000E+00
SA(0.05),0.0002,2.05000E+02,0.00000E+00
SA(0.05),0.0002,2.15000E+02,0.00000E+00
SA(0.05),0.0002,2.25000E+02,0.00000E+00
SA(0.05),0.0002,2.35000E+02,0.00000E+00
SA(0.05),0.0002,2.45000E+02,0.00000E+00
SA(0.05),0.0001,5.00000E+00,4.82113E-05
SA(0.05),0.0001,1.50000E+01,4.60405E-05
SA(0.05),0.0001,2.50000E+01,5.55548E-06
SA(0.05),0.0001,3.50000E+01,6.37826E-07
SA(0.05),0.0001,4.50000E+01,7.10434E-09
SA(0.05),0.0001,5.50000E+01,0.00000E+00
SA(0.05),0.0001,6.50000E+01,0.00000E+00
SA(0.05),0.0001,7.50000E+01,0.00000E+00
SA(0.05),0.0001,8.50000E+01,0.00000E+00
SA(0.05),0.0001,9.50000E+01,0.00000E+00
SA(0.05),0.0001,1.05000E+02,0.00000E+00
SA(0.05),0.0001,1.15000E+02,0.00000E+00
SA(0.05),0.0001,1.25000E+02,0.00000E+00
SA(0.05),0.0001,1.35000E+02,0.00000E+00
SA(0.05),0.0001,1.45000E+02,0.00000E+00
SA(0.05),0.0001,1.55000E+02,0.00000E+00
SA(0.05),0.0001,1.65000E+02,0.00000E+00
SA(0.05),0.0001,1.75000E+02,0.00000E+00
SA(0.05),0.0001,1.85000E+02,0.00000E+00
SA(0.05),0.0001,1.95000E+02,0.00000E+00
SA(0.05),0.0001,2.05000E+02,0.00000E+00
SA(0.05),0.0001,2.15000E+02,0.00000E+00
SA(0.05),0.0001,2.25000E+02,0.00000E+00
SA(0.05),0.0001,2.35000E+02,0.00000E+00
SA(0.05),0.0001,2.45000E+02,0.00000E+00
SA(0.1),0.002105,5.00000E+00,2.03393E-04
SA(0.1),0.002105,1.50000E+01,1.04776E-03
SA(0.1),0.002105,2.50000E+01,4.80090E-04
SA(0.1),0.002105,3.50000E+01,2.24707E-04
SA(0.1),0.002105,4.50000E+01,1.17426E-04
SA(0.1),0.002105,5.50000E+01,2.42517E-05
SA(0.1),0.002105,6.50000E+01,1.06831E-05
SA(0.1),0.002105,7.50000E+01,4.30320E-06
SA(0.1),0.002105,8.50000E+01,1.41620E-06
SA(0.1),0.002105,9.50000E+01,5.93077E-07
SA(0.1),0.002105,1.05000E+02,2.29134E-07
SA(0.1),0.002105,1.15000E+02,5.28117E-08
SA(0.1),0.002105,1.25000E+02,1.37160E-08
SA(0.1),0.002105,1.35000E+02,0.00000E+00
SA(0.1),0.002105,1.45000E+02,0.00000E+00
SA(0.1),0.002105,1.55000E+02,0.00000E+00
SA(0.1),0.002105,1.65000E+02,0.00000E+00
SA(0.1),0.002105,1.75000E+02,0.00000E+00
SA(0.1),0.002105,1.85000E+02,0.00000E+00
SA(0.1),0.002105,1.95000E+02,0.00000E+00
SA(0.1),0.002105,2.05000E+02,0.00000E+00
SA(0.1),0.002105,2.15000E+02,0.00000E+00
SA(0.1),0.002105,2.25000E+02,0.00000E+00
SA(0.1),0.002105,2.35000E+02,0.00000E+00
SA(0.1),0.002105,2.45000E+02,0.00000E+00
SA(0.1),0.000404,5.00000E+00,1.11369E-04
SA(0.1),0.000404,1.50000E+01,2.20297E-04
SA(0.1),0.000404,2.50000E+01,5.46038E-05
SA(0.1),0.000404,3.50000E+01,1.55075E-05
SA(0.1),0.000404,4.50000E+01,4.04504E-06
SA(0.1),0.000404,5.50000E+01,3.54564E-07
SA(0.1),0.000404,6.50000E+01,2.99082E-08
SA(0.1),0.000404,7.50000E+01,7.72260E-11
SA(0.1),0.000404,8.50000E+01,0.00000E+00
SA(0.1),0.000404,9.50000E+01,0.00000E+00
SA(0.1),0.000404,1.05000E+02,0.00000E+00
SA(0.1),0.000404,1.15000E+02,0.00000E+00
SA(0.1),0.000404,1.25000E+02,0.00000E+00
SA(0.1),0.000404,1.35000E+02,0.00000E+00
SA(0.1),0.000404,1.45000E+02,0.00000E+00
SA(0.1),0.000404,1.55000E+02,0.00000E+00
SA(0.1),0.000404,1.65000E+02,0.00000E+00
SA(0.1),0.000404,1.75000E+02,0.00000E+00
SA(0.1),0.000404,1.85000E+02,0.00000E+00
SA(0.1),0.000404,1.95000E+02,0.00000E+00
SA(0.1),0.000404,2.05000E+02,0.00000E+00
SA(0.1),0.000404,2.15000E+02,0.00000E+00
SA(0.1),0.000404,2.25000E+02,0.00000E+00
SA(0.1),0.000404,2.35000E+02,0.00000E+00
SA(0.1),0.000404,2.45000E+02,0.00000E+00
SA(0.1),0.0002,5.00000E+00,7.62434E-05
SA(0.1),0.0002,1.50000E+01,1.01979E-04
SA(0.1),0.0002,2.50000E+01,1.84031E-05
SA(0.1),0.0002,3.50000E+01,3.80859E-06
SA(0.1),0.0002,4.50000E+01,4.78175E-07
SA(0.1),0.0002,5.50000E+01,5.91016E-09
SA(0.1),0.0002,6.50000E+01,0.00000E+00
SA(0.1),0.0002,7.50000E+01,0.00000E+00
SA(0.1),0.0002,8.50000E+01,0.00000E+00
SA(0.1),0.0002,9.50000E+01,0.00000E+00
SA(0.1),0.0002,1.05000E+02,0.00000E+00
SA(0.1),0.0002,1.15000E+02,0.00000E+00
SA(0.1),0.0002,1.25000E+02,0.00000E+00
SA(0.1),0.0002,1.35000E+02,0.00000E+00
SA(0.1),0.0002,1.45000E+02,0.00000E+00
SA(0.1),0.0002,1.55000E+02,0.00000E+00
SA(0.1),0.0002,1.65000E+02,0.00000E+00
SA(0.1),0.0002,1.75000E+02,0.00000E+00
SA(0.1),0.0002,1.85000E+02,0.00000E+00
SA(0.1),0.0002,1.95000E+02,0.00000E+00
SA(0.1),0.0002,2.05000E+02,0.00000E+00
SA(0.1),0.0002,2.15000E+02,0.00000E+00
SA(0.1),0.0002,2.25000E+02,0.00000E+00
SA(0.1),0.0002,2.35000E+02,0.00000E+00
SA(0.1),0.0002,2.45000E+02,0.00000E+00
SA(0.1),0.0001,5.00000E+00,4.93159E-05
SA(0.1),0.0001,1.50000E+01,4.49935E-05
SA(0.1),0.0001,2.50000E+01,5.50463E-06
SA(0.1),0.0001,3.50000E+01,6.28123E-07
SA(0.1),0.0001,4.50000E+01,5.78180E-09
SA(0.1),0.0001,5.50000E+01,0.00000E+00
SA(0.1),0.0001,6.50000E+01,0.00000E+00
SA(0.1),0.0001,7.50000E+01,0.00000E+00
SA(0.1),0.0001,8.50000E+01,0.00000E+00
SA(0.1),0.0001,9.50000E+01,0.00000E+00
SA(0.1),0.0001,1.05000E+02,0.00000E+00
SA(0.1),0.0001,1.15000E+02,0.00000E+00
SA(0.1),0.0001,1.25000E+02,0.00000E+00
SA(0.1),0.0001,1.35000E+02,0.00000E+00
SA(0.1),0.0001,1.45000E+02,0.00000E+00
SA(0.1),0.0001,1.55000E+02,0.00000E+00
SA(0.1),0.0001,1.65000E+02,0.00000E+00
SA(0.1),0.0001,1.75000E+02,0.00000E+00
SA(0.1),0.0001,1.85000E+02,0.00000E+00
SA(0.1),0.0001,1.95000E+02,0.00000E+00
SA(0.1),0.0001,2.05000E+02,0.00000E+00
SA(0.1),0.0001,2.15000E+02,0.00000E+00
SA(0.1),0.0001,2.25000E+02,0.00000E+00
SA(0.1),0.0001,2.35000E+02,0.00000E+00
SA(0.1),0.0001,2.45000E+02,0.00000E+00
SA(0.15),0.002105,5.00000E+00,2.02370E-04
SA(0.15),0.002105,1.50000E+01,9.98815E-04
SA(0.15),0.002105,2.50000E+01,4.90254E-04
SA(0.15),0.002105,3.50000E+01,2.41802E-04
SA(0.15),0.002105,4.50000E+01,1.32227E-04
SA(0.15),0.002105,5.50000E+01,2.84221E-05
SA(0.15),0.002105,6.50000E+01,1.30156E-05
SA(0.15),0.002105,7.50000E+01,5.46278E-06
SA(0.15),0.002105,8.50000E+01,1.89269E-06
SA(0.15),0.002105,9.50000E+01,8.19383E-07
SA(0.15),0.002105,1.05000E+02,3.42378E-07
SA(0.15),0.002105,1.15000E+02,9.64245E-08
SA(0.15),0.002105,1.25000E+02,3.50922E-08
SA(0.15),0.002105,1.35000E+02,1.12986E-10
SA(0.15),0.002105,1.45000E+02,0.00000E+00
SA(0.15),0.002105,1.55000E+02,0.00000E+00
SA(0.15),0.002105,1.65000E+02,0.00000E+00
SA(0.15),0.002105,1.75000E+02,0.00000E+00
SA(0.15),0.002105,1.85000E+02,0.00000E+00
SA(0.15),0.002105,1.95000E+02,0.00000E+00
SA(0.15),0.002105,2.05000E+02,0.00000E+00
SA(0.15),0.002105,2.15000E+02,0.00000E+00
SA(0.15),0.002105,2.25000E+02,0.00000E+00
SA(0.15),0.002105,2.35000E+02,0.00000E+00
SA(0.15),0.002105,2.45000E+02,0.00000E+00
SA(0.15),0.000404,5.00000E+00,1.12045E-04
SA(0.15),0.000404,1.50000E+01,2.13474E-04
SA(0.15),0.000404,2.50000E+01,5.73116E-05
SA(0.15),0.000404,3.50000E+01,1.75020E-05
SA(0.15),0.000404,4.50000E+01,4.92657E-06
SA(0.15),0.000404,5.50000E+01,4.90146E-07
SA(0.15),0.000404,6.50000E+01,5.98300E-08
SA(0.15),0.000404,7.50000E+01,7.92104E-10
SA(0.15),0.000404,8.50000E+01,0.00000E+00
SA(0.15),0.000404,9.50000E+01,0.00000E+00
SA(0.15),0.000404,1.05000E+02,0.00000E+00
SA(0.15),0.000404,1.15000E+02,0.00000E+00
SA(0.15),0.000404,1.25000E+02,0.00000E+00
SA(0.15),0.000404,1.35000E+02,0.00000E+00
SA(0.15),0.000404,1.45000E+02,0.00000E+00
SA(0.15),0.000404,1.55000E+02,0.00000E+00
SA(0.15),0.000404,1.65000E+02,0.00000E+00
SA(0.15),0.000404,1.75000E+02,0.00000E+00
SA(0.15),0.000404,1.85000E+02,0.00000E+00
SA(0.15),0.000404,1.95000E+02,0.00000E+00
SA(0.15),0.000404,2.05000E+02,0.00000E+00
SA(0.15),0.000404,2.15000E+02,0.00000E+00
SA(0.15),0.000404,2.25000E+02,0.00000E+00
SA(0.15),0.000404,2.35000E+02,0.00000E+00
SA(0.15),0.000404,2.45000E+02,0.00000E+00
SA(0.15),0.0002,5.00000E+00,7.69754E-05
SA(0.15),0.0002,1.50000E+01,9.89917E-05
SA(0.15),0.0002,2.50000E+01,1.94273E-05
SA(0.15),0.0002,3.50000E+01,4.43065E-06
SA(0.15),0.0002,4.50000E+01,6.61967E-07
SA(0.15),0.0002,5.50000E+01,1.40499E-08
SA(0.15),0.0002,6.50000E+01,0.00000E+00
SA(0.15),0.0002,7.50000E+01,0.00000E+00
SA(0.15),0.0002,8.50000E+01,0.00000E+00
SA(0.15),0.0002,9.50000E+01,0.00000E+00
SA(0.15),0.0002,1.05000E+02,0.00000E+00
SA(0.15),0.0002,1.15000E+02,0.00000E+00
SA(0.15),0.0002,1.25000E+02,0.00000E+00
SA(0.15),0.0002,1.35000E+02,0.00000E+00
SA(0.15),0.0002,1.45000E+02,0.00000E+00
SA(0.15),0.0002,1.55000E+02,0.00000E+00
SA(0.15),0.0002,1.65000E+02,0.00000E+00
SA(0.15),0.0002,1.75000E+02,0.00000E+00
SA(0.15),0.0002,1.85000E+02,0.00000E+00
SA(0.15),0.0002,1.95000E+02,0.00000E+00
SA(0.15),0.0002,2.05000E+02,0.00000E+00
SA(0.15),0.0002,2.15000E+02,0.00000E+00
SA(0.15),0.0002,2.25000E+02,0.00000E+00
SA(0.15),0.0002,2.35000E+02,0.00000E+00
SA(0.15),0.0002,2.45000E+02,0.00000E+00
SA(0.15),0.0001,5.00000E+00,4.99292E-05
SA(0.15),0.0001,1.50000E+01,4.36283E-05
SA(0.15),0.0001,2.50000E+01,5.86594E-06
SA(0.15),0.0001,3.50000E+01,7.94015E-07
SA(0.15),0.0001,4.50000E+01,1.63888E-08
SA(0.15),0.0001,5.50000E+01,0.00000E+00
SA(0.15),0.0001,6.50000E+01,0.00000E+00
SA(0.15),0.0001,7.50000E+01,0.00000E+00
SA(0.15),0.0001,8.50000E+01,0.00000E+00
SA(0.15),0.0001,9.50000E+01,0.00000E+00
SA(0.15),0.0001,1.05000E+02,0.00000E+00
SA(0.15),0.0001,1.15000E+02,0.00000E+00
SA(0.15),0.0001,1.25000E+02,0.00000E+00
SA(0.15),0.0001,1.35000E+02,0.00000E+00
SA(0.15),0.0001,1.45000E+02,0.00000E+00
SA(0.15),0.0001,1.55000E+02,0.00000E+00
SA(0.15),0.0001,1.65000E+02,0.00000E+00
SA(0.15),0.0001,1.75000E+02,0.00000E+00
SA(0.15),0.0001,1.85000E+02,0.00000E+00
SA(0.15),0.0001,1.95000E+02,0.00000E+00
SA(0.15),0.0001,2.05000E+02,0.00000E+00
SA(0.15),0.0001,2.15000E+02,0.00000E+00
SA(0.15),0.0001,2.25000E+02,0.00000E+00
SA(0.15),0.0001,2.35000E+02,0.00000E+00
SA(0.15),0.0001,2.45000E+02,0.00000E+00
SA(0.2),0.002105,5.00000E+00,2.02192E-04
SA(0.2),0.002105,1.50000E+01,9.59049E-04
SA(0.2),0.002105,2.50000E+01,4.92582E-04
SA(0.2),0.002105,3.50000E+01,2.54394E-04
SA(0.2),0.002105,4.50000E+01,1.45650E-04
SA(0.2),0.002105,5.50000E+01,3.30407E-05
SA(0.2),0.002105,6.50000E+01,1.61147E-05
SA(0.2),0.002105,7.50000E+01,7.40736E-06
SA(0.2),0.002105,8.50000E+01,2.84805E-06
SA(0.2),0.002105,9.50000E+01,1.40821E-06
SA(0.2),0.002105,1.05000E+02,6.99364E-07
SA(0.2),0.002105,1.15000E+02,2.93846E-07
SA(0.2),0.002105,1.25000E+02,1.86432E-07
SA(0.2),0.002105,1.35000E+02,4.83111E-08
SA(0.2),0.002105,1.45000E+02,2.47415E-09
SA(0.2),0.002105,1.55000E+02,0.00000E+00
SA(0.2),0.002105,1.65000E+02,0.00000E+00
SA(0.2),0.002105,1.75000E+02,0.00000E+00
SA(0.2),0.002105,1.85000E+02,0.00000E+00
SA(0.2),0.002105,1.95000E+02,0.00000E+00
SA(0.2),0.002105,2.05000E+02,0.00000E+00
SA(0.2),0.002105,2.15000E+02,0.00000E+00
SA(0.2),0.002105,2.25000E+02,0.00000E+00
SA(0.2),0.002105,2.35000E+02,0.00000E+00
SA(0.2),0.002105,2.45000E+02,0.00000E+00
SA(0.2),0.000404,5.00000E+00,1.13224E-04
SA(0.2),0.000404,1.50000E+01,2.08222E-04
SA(0.2),0.000404,2.50000E+01,5.88968E-05
SA(0.2),0.000404,3.50000E+01,1.93597E-05
SA(0.2),0.000404,4.50000E+01,5.93946E-06
SA(0.2),0.000404,5.50000E+01,6.91749E-07
SA(0.2),0.000404,6.50000E+01,1.30513E-07
SA(0.2),0.000404,7.50000E+01,1.07307E-08
SA(0.2),0.000404,8.50000E+01,0.00000E+00
SA(0.2),0.000404,9.50000E+01,0.00000E+00
SA(0.2),0.000404,1.05000E+02,0.00000E+00
SA(0.2),0.000404,1.15000E+02,0.00000E+00
SA(0.2),0.000404,1.25000E+02,0.00000E+00
SA(0.2),0.000404,1.35000E+02,0.00000E+00
SA(0.2),0.000404,1.45000E+02,0.00000E+00
SA(0.2),0.000404,1.55000E+02,0.00000E+00
SA(0.2),0.000404,1.65000E+02,0.00000E+00
SA(0.2),0.000404,1.75000E+02,0.00000E+00
SA(0.2),0.000404,1.85000E+02,0.00000E+00
SA(0.2),0.000404,1.95000E+02,0.00000E+00
SA(0.2),0.000404,2.05000E+02,0.00000E+00
SA(0.2),0.000404,2.15000E+02,0.00000E+00
SA(0.2),0.000404,2.25000E+02,0.00000E+00
SA(0.2),0.000404,2.35000E+02,0.00000E+00
SA(0.2),0.000404,2.45000E+02,0.00000E+00
SA(0.2),0.0002,5.00000E+00,7.81877E-05
SA(0.2),0.0002,1.50000E+01,9.69456E-05
SA(0.2),0.0002,2.50000E+01,2.01286E-05
SA(0.2),0.0002,3.50000E+01,5.08048E-06
SA(0.2),0.0002,4.50000E+01,9.15548E-07
SA(0.2),0.0002,5.50000E+01,3.59505E-08
SA(0.2),0.0002,6.50000E+01,1.43192E-11
SA(0.2),0.0002,7.50000E+01,0.00000E+00
SA(0.2),0.0002,8.50000E+01,0.00000E+00
SA(0.2),0.0002,9.50000E+01,0.00000E+00
SA(0.2),0.0002,1.05000E+02,0.00000E+00
SA(0.2),0.0002,1.15000E+02,0.00000E+00
SA(0.2),0.0002,1.25000E+02,0.00000E+00
SA(0.2),0.0002,1.35000E+02,0.00000E+00
SA(0.2),0.0002,1.45000E+02,0.00000E+00
SA(0.2),0.0002,1.55000E+02,0.00000E+00
SA(0.2),0.0002,1.65000E+02,0.00000E+00
SA(0.2),0.0002,1.75000E+02,0.00000E+00
SA(0.2),0.0002,1.85000E+02,0.00000E+00
SA(0.2),0.0002,1.95000E+02,0.00000E+00
SA(0.2),0.0002,2.05000E+02,0.00000E+00
SA(0.2),0.0002,2.15000E+02,0.00000E+00
SA(0.2),0.0002,2.25000E+02,0.00000E+00
SA(0.2),0.0002,2.35000E+02,0.00000E+00
SA(0.2),0.0002,2.45000E+02,0.00000E+00
SA(0.2),0.0001,5.00000E+00,5.08869E-05
SA(0.2),0.0001,1.50000E+01,4.26851E-05
SA(0.2),0.0001,2.50000E+01,6.12793E-06
SA(0.2),0.0001,3.50000E+01,9.87246E-07
SA(0.2),0.0001,4.50000E+01,3.97188E-08
SA(0.2),0.0001,5.50000E+01,0.00000E+00
SA(0.2),0.0001,6.50000E+01,0.00000E+00
SA(0.2),0.0001,7.50000E+01,0.00000E+00
SA(0.2),0.0001,8.50000E+01,0.00000E+00
SA(0.2),0.0001,9.50000E+01,0.00000E+00
SA(0.2),0.0001,1.05000E+02,0.00000E+00
SA(0.2),0.0001,1.15000E+02,0.00000E+00
SA(0.2),0.0001,1.25000E+02,0.00000E+00
SA(0.2),0.0001,1.35000E+02,0.00000E+00
SA(0.2),0.0001,1.45000E+02,0.00000E+00
SA(0.2),0.0001,1.55000E+02,0.00000E+00
SA(0.2),0.0001,1.65000E+02,0.00000E+00
SA(0.2),0.0001,1.75000E+02,0.00000E+00
SA(0.2),0.0001,1.85000E+02,0.00000E+00
SA(0.2),0.0001,1.95000E+02,0.00000E+00
SA(0.2),0.0001,2.05000E+02,0.00000E+00
SA(0.2),0.0001,2.15000E+02,0.00000E+00
SA(0.2),0.0001,2.25000E+02,0.00000E+00
SA(0.2),0.0001,2.35000E+02,0.00000E+00
SA(0.2),0.0001,2.45000E+02,0.00000E+00
SA(0.25),0.002105,5.00000E+00,2.03017E-04
SA(0.25),0.002105,1.50000E+01,9.43251E-04
SA(0.25),0.002105,2.50000E+01,4.91260E-04
SA(0.25),0.002105,3.50000E+01,2.57013E-04
SA(0.25),0.002105,4.50000E+01,1.48925E-04
SA(0.25),0.002105,5.50000E+01,3.43679E-05
SA(0.25),0.002105,6.50000E+01,1.70754E-05
SA(0.25),0.002105,7.50000E+01,8.12191E-06
SA(0.25),0.002105,8.50000E+01,3.23046E-06
SA(0.25),0.002105,9.50000E+01,1.67862E-06
SA(0.25),0.002105,1.05000E+02,8.75940E-07
SA(0.25),0.002105,1.15000E+02,4.10409E-07
SA(0.25),0.002105,1.25000E+02,2.91935E-07
SA(0.25),0.002105,1.35000E+02,1.01891E-07
SA(0.25),0.002105,1.45000E+02,1.56896E-08
SA(0.25),0.002105,1.55000E+02,0.00000E+00
SA(0.25),0.002105,1.65000E+02,0.00000E+00
SA(0.25),0.002105,1.75000E+02,0.00000E+00
SA(0.25),0.002105,1.85000E+02,0.00000E+00
SA(0.25),0.002105,1.95000E+02,0.00000E+00
SA(0.25),0.002105,2.05000E+02,0.00000E+00
SA(0.25),0.002105,2.15000E+02,0.00000E+00
SA(0.25),0.002105,2.25000E+02,0.00000E+00
SA(0.25),0.002105,2.35000E+02,0.00000E+00
SA(0.25),0.002105,2.45000E+02,0.00000E+00
SA(0.25),0.000404,5.00000E+00,1.14797E-04
SA(0.25),0.000404,1.50000E+01,2.05655E-04
SA(0.25),0.000404,2.50000E+01,5.82997E-05
SA(0.25),0.000404,3.50000E+01,1.94109E-05
SA(0.25),0.000404,4.50000E+01,6.03718E-06
SA(0.25),0.000404,5.50000E+01,7.26149E-07
SA(0.25),0.000404,6.50000E+01,1.48716E-07
SA(0.25),0.000404,7.50000E+01,1.53667E-08
SA(0.25),0.000404,8.50000E+01,0.00000E+00
SA(0.25),0.000404,9.50000E+01,0.00000E+00
SA(0.25),0.000404,1.05000E+02,0.00000E+00
SA(0.25),0.000404,1.15000E+02,0.00000E+00
SA(0.25),0.000404,1.25000E+02,0.00000E+00
SA(0.25),0.000404,1.35000E+02,0.00000E+00
SA(0.25),0.000404,1.45000E+02,0.00000E+00
SA(0.25),0.000404,1.55000E+02,0.00000E+00
SA(0.25),0.000404,1.65000E+02,0.00000E+00
SA(0.25),0.000404,1.75000E+02,0.00000E+00
SA(0.25),0.000404,1.85000E+02,0.00000E+00
SA(0.25),0.000404,1.95000E+02,0.00000E+00
SA(0.25),0.000404,2.05000E+02,0.00000E+00
SA(0.25),0.000404,2.15000E+02,0.00000E+00
SA(0.25),0.000404,2.25000E+02,0.00000E+00
SA(0.25),0.000404,2.35000E+02,0.00000E+00
SA(0.25),0.000404,2.45000E+02,0.00000E+00
SA(0.25),0.0002,5.00000E+00,7.95717E-05
SA(0.25),0.0002,1.50000E+01,9.55289E-05
SA(0.25),0.0002,2.50000E+01,1.97610E-05
SA(0.25),0.0002,3.50000E+01,5.05799E-06
SA(0.25),0.0002,4.50000E+01,9.31931E-07
SA(0.25),0.0002,5.50000E+01,3.96049E-08
SA(0.25),0.0002,6.50000E+01,4.65288E-11
SA(0.25),0.0002,7.50000E+01,0.00000E+00
SA(0.25),0.0002,8.50000E+01,0.00000E+00
SA(0.25),0.0002,9.50000E+01,0.00000E+00
SA(0.25),0.0002,1.05000E+02,0.00000E+00
SA(0.25),0.0002,1.15000E+02,0.00000E+00
SA(0.25),0.0002,1.25000E+02,0.00000E+00
SA(0.25),0.0002,1.35000E+02,0.00000E+00
SA(0.25),0.0002,1.45000E+02,0.00000E+00
SA(0.25),0.0002,1.55000E+02,0.00000E+00
SA(0.25),0.0002,1.65000E+02,0.00000E+00
SA(0.25),0.0002,1.75000E+02,0.00000E+00
SA(0.25),0.0002,1.85000E+02,0.00000E+00
SA(0.25),0.0002,1.95000E+02,0.00000E+00
SA(0.25),0.0002,2.05000E+02,0.00000E+00
SA(0.25),0.0002,2.15000E+02,0.00000E+00
SA(0.25),0.0002,2.25000E+02,0.00000E+00
SA(0.25),0.0002,2.35000E+02,0.00000E+00
SA(0.25),0.0002,2.45000E+02,0.00000E+00
SA(0.25),0.0001,5.00000E+00,5.18647E-05
SA(0.25),0.0001,1.50000E+01,4.17209E-05
SA(0.25),0.0001,2.50000E+01,5.91899E-06
SA(0.25),0.0001,3.50000E+01,9.65688E-07
SA(0.25),0.0001,4.50000E+01,4.02679E-08
SA(0.25),0.0001,5.50000E+01,0.00000E+00
SA(0.25),0.0001,6.50000E+01,0.00000E+00
SA(0.25),0.0001,7.50000E+01,0.00000E+00
SA(0.25),0.0001,8.50000E+01,0.00000E+00
SA(0.25),0.0001,9.50000E+01,0.00000E+00
SA(0.25),0.0001,1.05000E+02,0.00000E+00
SA(0.25),0.0001,1.15000E+02,0.00000E+00
SA(0.25),0.0001,1.25000E+02,0.00000E+00
SA(0.25),0.0001,1.35000E+02,0.00000E+00
SA(0.25),0.0001,1.45000E+02,0.00000E+00
SA(0.25),0.0001,1.55000E+02,0.00000E+00
SA(0.25),0.0001,1.65000E+02,0.00000E+00
SA(0.25),0.0001,1.75000E+02,0.00000E+00
SA(0.25),0.0001,1.85000E+02,0.00000E+00
SA(0.25),0.0001,1.95000E+02,0.00000E+00
SA(0.25),0.0001,2.05000E+02,0.00000E+00
SA(0.25),0.0001,2.15000E+02,0.00000E+00
SA(0.25),0.0001,2.25000E+02,0.00000E+00
SA(0.25),0.0001,2.35000E+02,0.00000E+00
SA(0.25),0.0001,2.45000E+02,0.00000E+00
SA(0.3),0.002105,5.00000E+00,2.02802E-04
SA(0.3),0.002105,1.50000E+01,9.28050E-04
SA(0.3),0.002105,2.50000E+01,4.96033E-04
SA(0.3),0.002105,3.50000E+01,2.62367E-04
SA(0.3),0.002105,4.50000E+01,1.52921E-04
SA(0.3),0.002105,5.50000E+01,3.55006E-05
SA(0.3),0.002105,6.50000E+01,1.76942E-05
SA(0.3),0.002105,7.50000E+01,8.49043E-06
SA(0.3),0.002105,8.50000E+01,3.40382E-06
SA(0.3),0.002105,9.50000E+01,1.77992E-06
SA(0.3),0.002105,1.05000E+02,9.34071E-07
SA(0.3),0.002105,1.15000E+02,4.46960E-07
SA(0.3),0.002105,1.25000E+02,3.22097E-07
SA(0.3),0.002105,1.35000E+02,1.15011E-07
SA(0.3),0.002105,1.45000E+02,2.04452E-08
SA(0.3),0.002105,1.55000E+02,0.00000E+00
SA(0.3),0.002105,1.65000E+02,0.00000E+00
SA(0.3),0.002105,1.75000E+02,0.00000E+00
SA(0.3),0.002105,1.85000E+02,0.00000E+00
SA(0.3),0.002105,1.95000E+02,0.00000E+00
SA(0.3),0.002105,2.05000E+02,0.00000E+00
SA(0.3),0.002105,2.15000E+02,0.00000E+00
SA(0.3),0.002105,2.25000E+02,0.00000E+00
SA(0.3),0.002105,2.35000E+02,0.00000E+00
SA(0.3),0.002105,2.45000E+02,0.00000E+00
SA(0.3),0.000404,5.00000E+00,1.14811E-04
SA(0.3),0.000404,1.50000E+01,2.04733E-04
SA(0.3),0.000404,2.50000E+01,5.88166E-05
SA(0.3),0.000404,3.50000E+01,1.96301E-05
SA(0.3),0.000404,4.50000E+01,6.07165E-06
SA(0.3),0.000404,5.50000E+01,7.27872E-07
SA(0.3),0.000404,6.50000E+01,1.47330E-07
SA(0.3),0.000404,7.50000E+01,1.46120E-08
SA(0.3),0.000404,8.50000E+01,0.00000E+00
SA(0.3),0.000404,9.50000E+01,0.00000E+00
SA(0.3),0.000404,1.05000E+02,0.00000E+00
SA(0.3),0.000404,1.15000E+02,0.00000E+00
SA(0.3),0.000404,1.25000E+02,0.00000E+00
SA(0.3),0.000404,1.35000E+02,0.00000E+00
SA(0.3),0.000404,1.45000E+02,0.00000E+00
SA(0.3),0.000404,1.55000E+02,0.00000E+00
SA(0.3),0.000404,1.65000E+02,0.00000E+00
SA(0.3),0.000404,1.75000E+02,0.00000E+00
SA(0.3),0.000404,1.85000E+02,0.00000E+00
SA(0.3),0.000404,1.95000E+02,0.00000E+00
SA(0.3),0.000404,2.05000E+02,0.00000E+00
SA(0.3),0.000404,2.15000E+02,0.00000E+00
SA(0.3),0.000404,2.25000E+02,0.00000E+00
SA(0.3),0.000404,2.35000E+02,0.00000E+00
SA(0.3),0.000404,2.45000E+02,0.00000E+00
SA(0.3),0.0002,5.00000E+00,7.92266E-05
SA(0.3),0.0002,1.50000E+01,9.50483E-05
SA(0.3),0.0002,2.50000E+01,1.97917E-05
SA(0.3),0.0002,3.50000E+01,5.05554E-06
SA(0.3),0.0002,4.50000E+01,9.16714E-07
SA(0.3),0.0002,5.50000E+01,3.76426E-08
SA(0.3),0.0002,6.50000E+01,2.68190E-11
SA(0.3),0.0002,7.50000E+01,0.00000E+00
SA(0.3),0.0002,8.50000E+01,0.00000E+00
SA(0.3),0.0002,9.50000E+01,0.00000E+00
SA(0.3),0.0002,1.05000E+02,0.00000E+00
SA(0.3),0.0002,1.15000E+02,0.00000E+00
SA(0.3),0.0002,1.25000E+02,0.00000E+00
SA(0.3),0.0002,1.35000E+02,0.00000E+00
SA(0.3),0.0002,1.45000E+02,0.00000E+00
SA(0.3),0.0002,1.55000E+02,0.00000E+00
SA(0.3),0.0002,1.65000E+02,0.00000E+00
SA(0.3),0.0002,1.75000E+02,0.00000E+00
SA(0.3),0.0002,1.85000E+02,0.00000E+00
SA(0.3),0.0002,1.95000E+02,0.00000E+00
SA(0.3),0.0002,2.05000E+02,0.00000E+00
SA(0.3),0.0002,2.15000E+02,0.00000E+00
SA(0.3),0.0002,2.25000E+02,0.00000E+00
SA(0.3),0.0002,2.35000E+02,0.00000E+00
SA(0.3),0.0002,2.45000E+02,0.00000E+00
SA(0.3),0.0001,5.00000E+00,5.14457E-05
SA(0.3),0.0001,1.50000E+01,4.16835E-05
SA(0.3),0.0001,2.50000E+01,5.93550E-06
SA(0.3),0.0001,3.50000E+01,9.63762E-07
SA(0.3),0.0001,4.50000E+01,3.85705E-08
SA(0.3),0.0001,5.50000E+01,0.00000E+00
SA(0.3),0.0001,6.50000E+01,0.00000E+00
SA(0.3),0.0001,7.50000E+01,0.00000E+00
SA(0.3),0.0001,8.50000E+01,0.00000E+00
SA(0.3),0.0001,9.50000E+01,0.00000E+00
SA(0.3),0.0001,1.05000E+02,0.00000E+00
SA(0.3),0.0001,1.15000E+02,0.00000E+00
SA(0.3),0.0001,1.25000E+02,0.00000E+00
SA(0.3),0.0001,1.35000E+02,0.00000E+00
SA(0.3),0.0001,1.45000E+02,0.00000E+00
SA(0.3),0.0001,1.55000E+02,0.00000E+00
SA(0.3),0.0001,1.65000E+02,0.00000E+00
SA(0.3),0.0001,1.75000E+02,0.00000E+00
SA(0.3),0.0001,1.85000E+02,0.00000E+00
SA(0.3),0.0001,1.95000E+02,0.00000E+00
SA(0.3),0.0001,2.05000E+02,0.00000E+00
SA(0.3),0.0001,2.15000E+02,0.00000E+00
SA(0.3),0.0001,2.25000E+02,0.00000E+00
SA(0.3),0.0001,2.35000E+02,0.00000E+00
SA(0.3),0.0001,2.45000E+02,0.00000E+00
SA(0.4),0.002105,5.00000E+00,2.03710E-04
SA(0.4),0.002105,1.50000E+01,9.13892E-04
SA(0.4),0.002105,2.50000E+01,4.99409E-04
SA(0.4),0.002105,3.50000E+01,2.67919E-04
SA(0.4),0.002105,4.50000E+01,1.57746E-04
SA(0.4),0.002105,5.50000E+01,3.71848E-05
SA(0.4),0.002105,6.50000E+01,1.88469E-05
SA(0.4),0.002105,7.50000E+01,9.36622E-06
SA(0.4),0.002105,8.50000E+01,3.87726E-06
SA(0.4),0.002105,9.50000E+01,2.13216E-06
SA(0.4),0.002105,1.05000E+02,1.17778E-06
SA(0.4),0.002105,1.15000E+02,6.15896E-07
SA(0.4),0.002105,1.25000E+02,4.91864E-07
SA(0.4),0.002105,1.35000E+02,2.15663E-07
SA(0.4),0.002105,1.45000E+02,6.65606E-08
SA(0.4),0.002105,1.55000E+02,7.12888E-09
SA(0.4),0.002105,1.65000E+02,0.00000E+00
SA(0.4),0.002105,1.75000E+02,0.00000E+00
SA(0.4),0.002105,1.85000E+02,0.00000E+00
SA(0.4),0.002105,1.95000E+02,0.00000E+00
SA(0.4),0.002105,2.05000E+02,0.00000E+00
SA(0.4),0.002105,2.15000E+02,0.00000E+00
SA(0.4),0.002105,2.25000E+02,0.00000E+00
SA(0.4),0.002105,2.35000E+02,0.00000E+00
SA(0.4),0.002105,2.45000E+02,0.00000E+00
SA(0.4),0.000404,5.00000E+00,1.16539E-04
SA(0.4),0.000404,1.50000E+01,2.04377E-04
SA(0.4),0.000404,2.50000E+01,5.88900E-05
SA(0.4),0.000404,3.50000E+01,1.98129E-05
SA(0.4),0.000404,4.50000E+01,6.15160E-06
SA(0.4),0.000404,5.50000E+01,7.54441E-07
SA(0.4),0.000404,6.50000E+01,1.62931E-07
SA(0.4),0.000404,7.50000E+01,1.94768E-08
SA(0.4),0.000404,8.50000E+01,0.00000E+00
SA(0.4),0.000404,9.50000E+01,0.00000E+00
SA(0.4),0.000404,1.05000E+02,0.00000E+00
SA(0.4),0.000404,1.15000E+02,0.00000E+00
SA(0.4),0.000404,1.25000E+02,0.00000E+00
SA(0.4),0.000404,1.35000E+02,0.00000E+00
SA(0.4),0.000404,1.45000E+02,0.00000E+00
SA(0.4),0.000404,1.55000E+02,0.00000E+00
SA(0.4),0.000404,1.65000E+02,0.00000E+00
SA(0.4),0.000404,1.75000E+02,0.00000E+00
SA(0.4),0.000404,1.85000E+02,0.00000E+00
SA(0.4),0.000404,1.95000E+02,0.00000E+00
SA(0.4),0.000404,2.05000E+02,0.00000E+00
SA(0.4),0.000404,2.15000E+02,0.00000E+00
SA(0.4),0.000404,2.25000E+02,0.00000E+00
SA(0.4),0.000404,2.35000E+02,0.00000E+00
SA(0.4),0.000404,2.45000E+02,0.00000E+00
SA(0.4),0.0002,5.00000E+00,8.06367E-05
SA(0.4),0.0002,1.50000E+01,9.51424E-05
SA(0.4),0.0002,2.50000E+01,1.97143E-05
SA(0.4),0.0002,3.50000E+01,5.07230E-06
SA(0.4),0.0002,4.50000E+01,9.27794E-07
SA(0.4),0.0002,5.50000E+01,4.02890E-08
SA(0.4),0.0002,6.50000E+01,5.36173E-11
SA(0.4),0.0002,7.50000E+01,0.00000E+00
SA(0.4),0.0002,8.50000E+01,0.00000E+00
SA(0.4),0.0002,9.50000E+01,0.00000E+00
SA(0.4),0.0002,1.05000E+02,0.00000E+00
SA(0.4),0.0002,1.15000E+02,0.00000E+00
SA(0.4),0.0002,1.25000E+02,0.00000E+00
SA(0.4),0.0002,1.35000E+02,0.00000E+00
SA(0.4),0.0002,1.45000E+02,0.00000E+00
SA(0.4),0.0002,1.55000E+02,0.00000E+00
SA(0.4),0.0002,1.65000E+02,0.00000E+00
SA(0.4),0.0002,1.75000E+02,0.00000E+00
SA(0.4),0.0002,1.85000E+02,0.00000E+00
SA(0.4),0.0002,1.95000E+02,0.00000E+00
SA(0.4),0.0002,2.05000E+02,0.00000E+00
SA(0.4),0.0002,2.15000E+02,0.00000E+00
SA(0.4),0.0002,2.25000E+02,0.00000E+00
SA(0.4),0.0002,2.35000E+02,0.00000E+00
SA(0.4),0.0002,2.45000E+02,0.00000E+00
SA(0.4),0.0001,5.00000E+00,5.23441E-05
SA(0.4),0.0001,1.50000E+01,4.16417E-05
SA(0.4),0.0001,2.50000E+01,5.85071E-06
SA(0.4),0.0001,3.50000E+01,9.57347E-07
SA(0.4),0.0001,4.50000E+01,3.90063E-08
SA(0.4),0.0001,5.50000E+01,0.00000E+00
SA(0.4),0.0001,6.50000E+01,0.00000E+00
SA(0.4),0.0001,7.50000E+01,0.00000E+00
SA(0.4),0.0001,8.50000E+01,0.00000E+00
SA(0.4),0.0001,9.50000E+01,0.00000E+00
SA(0.4),0.0001,1.05000E+02,0.00000E+00
SA(0.4),0.0001,1.15000E+02,0.00000E+00
SA(0.4),0.0001,1.25000E+02,0.00000E+00
SA(0.4),0.0001,1.35000E+02,0.00000E+00
SA(0.4),0.0001,1.45000E+02,0.00000E+00
SA(0.4),0.0001,1.55000E+02,0.00000E+00
SA(0.4),0.0001,1.65000E+02,0.00000E+00
SA(0.4),0.0001,1.75000E+02,0.00000E+00
SA(0.4),0.0001,1.85000E+02,0.00000E+00
SA(0.4),0.0001,1.95000E+02,0.00000E+00
SA(0.4),0.0001,2.05000E+02,0.00000E+00
SA(0.4),0.0001,2.15000E+02,0.00000E+00
SA(0.4),0.0001,2.25000E+02,0.00000E+00
SA(0.4),0.0001,2.35000E+02,0.00000E+00
SA(0.4),0.0001,2.45000E+02,0.00000E+00
SA(0.5),0.002105,5.00000E+00,2.02586E-04
SA(0.5),0.002105,1.50000E+01,8.75144E-04
SA(0.5),0.002105,2.50000E+01,4.97171E-04
SA(0.5),0.002105,3.50000E+01,2.77142E-04
SA(0.5),0.002105,4.50000E+01,1.68989E-04
SA(0.5),0.002105,5.50000E+01,4.15261E-05
SA(0.5),0.002105,6.50000E+01,2.20466E-05
SA(0.5),0.002105,7.50000E+01,1.16864E-05
SA(0.5),0.002105,8.50000E+01,5.16104E-06
SA(0.5),0.002105,9.50000E+01,3.07538E-06
SA(0.5),0.002105,1.05000E+02,1.84854E-06
SA(0.5),0.002105,1.15000E+02,1.10920E-06
SA(0.5),0.002105,1.25000E+02,1.00870E-06
SA(0.5),0.002105,1.35000E+02,5.74764E-07
SA(0.5),0.002105,1.45000E+02,2.76575E-07
SA(0.5),0.002105,1.55000E+02,8.55146E-08
SA(0.5),0.002105,1.65000E+02,2.37925E-08
SA(0.5),0.002105,1.75000E+02,4.87153E-11
SA(0.5),0.002105,1.85000E+02,0.00000E+00
SA(0.5),0.002105,1.95000E+02,0.00000E+00
SA(0.5),0.002105,2.05000E+02,0.00000E+00
SA(0.5),0.002105,2.15000E+02,0.00000E+00
SA(0.5),0.002105,2.25000E+02,0.00000E+00
SA(0.5),0.002105,2.35000E+02,0.00000E+00
SA(0.5),0.002105,2.45000E+02,0.00000E+00
SA(0.5),0.000404,5.00000E+00,1.16561E-04
SA(0.5),0.000404,1.50000E+01,1.98860E-04
SA(0.5),0.000404,2.50000E+01,5.96214E-05
SA(0.5),0.000404,3.50000E+01,2.12892E-05
SA(0.5),0.000404,4.50000E+01,7.01883E-06
SA(0.5),0.000404,5.50000E+01,9.51218E-07
SA(0.5),0.000404,6.50000E+01,2.51220E-07
SA(0.5),0.000404,7.50000E+01,4.96848E-08
SA(0.5),0.000404,8.50000E+01,1.47070E-09
SA(0.5),0.000404,9.50000E+01,0.00000E+00
SA(0.5),0.000404,1.05000E+02,0.00000E+00
SA(0.5),0.000404,1.15000E+02,0.00000E+00
SA(0.5),0.000404,1.25000E+02,0.00000E+00
SA(0.5),0.000404,1.35000E+02,0.00000E+00
SA(0.5),0.000404,1.45000E+02,0.00000E+00
SA(0.5),0.000404,1.55000E+02,0.00000E+00
SA(0.5),0.000404,1.65000E+02,0.00000E+00
SA(0.5),0.000404,1.75000E+02,0.00000E+00
SA(0.5),0.000404,1.85000E+02,0.00000E+00
SA(0.5),0.000404,1.95000E+02,0.00000E+00
SA(0.5),0.000404,2.05000E+02,0.00000E+00
SA(0.5),0.000404,2.15000E+02,0.00000E+00
SA(0.5),0.000404,2.25000E+02,0.00000E+00
SA(0.5),0.000404,2.35000E+02,0.00000E+00
SA(0.5),0.000404,2.45000E+02,0.00000E+00
SA(0.5),0.0002,5.00000E+00,8.07884E-05
SA(0.5),0.0002,1.50000E+01,9.26254E-05
SA(0.5),0.0002,2.50000E+01,1.99811E-05
SA(0.5),0.0002,3.50000E+01,5.55226E-06
SA(0.5),0.0002,4.50000E+01,1.14182E-06
SA(0.5),0.0002,5.50000E+01,6.71022E-08
SA(0.5),0.0002,6.50000E+01,1.66094E-09
SA(0.5),0.0002,7.50000E+01,0.00000E+00
SA(0.5),0.0002,8.50000E+01,0.00000E+00
SA(0.5),0.0002,9.50000E+01,0.00000E+00
SA(0.5),0.0002,1.05000E+02,0.00000E+00
SA(0.5),0.0002,1.15000E+02,0.00000E+00
SA(0.5),0.0002,1.25000E+02,0.00000E+00
SA(0.5),0.0002,1.35000E+02,0.00000E+00
SA(0.5),0.0002,1.45000E+02,0.00000E+00
SA(0.5),0.0002,1.55000E+02,0.00000E+00
SA(0.5),0.0002,1.65000E+02,0.00000E+00
SA(0.5),0.0002,1.75000E+02,0.00000E+00
SA(0.5),0.0002,1.85000E+02,0.00000E+00
SA(0.5),0.0002,1.95000E+02,0.00000E+00
SA(0.5),0.0002,2.05000E+02,0.00000E+00
SA(0.5),0.0002,2.15000E+02,0.00000E+00
SA(0.5),0.0002,2.25000E+02,0.00000E+00
SA(0.5),0.0002,2.35000E+02,0.00000E+00
SA(0.5),0.0002,2.45000E+02,0.00000E+00
SA(0.5),0.0001,5.00000E+00,5.24978E-05
SA(0.5),0.0001,1.50000E+01,4.04368E-05
SA(0.5),0.0001,2.50000E+01,5.93939E-06
SA(0.5),0.0001,3.50000E+01,1.09691E-06
SA(0.5),0.0001,4.50000E+01,6.49799E-08
SA(0.5),0.0001,5.50000E+01,0.00000E+00
SA(0.5),0.0001,6.50000E+01,0.00000E+00
SA(0.5),0.0001,7.50000E+01,0.00000E+00
SA(0.5),0.0001,8.50000E+01,0.00000E+00
SA(0.5),0.0001,9.50000E+01,0.00000E+00
SA(0.5),0.0001,1.05000E+02,0.00000E+00
SA(0.5),0.0001,1.15000E+02,0.00000E+00
SA(0.5),0.0001,1.25000E+02,0.00000E+00
SA(0.5),0.0001,1.35000E+02,0.00000E+00
SA(0.5),0.0001,1.45000E+02,0.00000E+00
SA(0.5),0.0001,1.55000E+02,0.00000E+00
SA(0.5),0.0001,1.65000E+02,0.00000E+00
SA(0.5),0.0001,1.75000E+02,0.00000E+00
SA(0.5),0.0001,1.85000E+02,0.00000E+00
SA(0.5),0.0001,1.95000E+02,0.00000E+00
SA(0.5),0.0001,2.05000E+02,0.00000E+00
SA(0.5),0.0001,2.15000E+02,0.00000E+00
SA(0.5),0.0001,2.25000E+02,0.00000E+00
SA(0.5),0.0001,2.35000E+02,0.00000E+00
SA(0.5),0.0001,2.45000E+02,0.00000E+00
SA(0.75),0.002105,5.00000E+00,2.02522E-04
SA(0.75),0.002105,1.50000E+01,8.35743E-04
SA(0.75),0.002105,2.50000E+01,4.96676E-04
SA(0.75),0.002105,3.50000E+01,2.89757E-04
SA(0.75),0.002105,4.50000E+01,1.82032E-04
SA(0.75),0.002105,5.50000E+01,4.66557E-05
SA(0.75),0.002105,6.50000E+01,2.60097E-05
SA(0.75),0.002105,7.50000E+01,1.50008E-05
SA(0.75),0.002105,8.50000E+01,7.03789E-06
SA(0.75),0.002105,9.50000E+01,4.72432E-06
SA(0.75),0.002105,1.05000E+02,3.13073E-06
SA(0.75),0.002105,1.15000E+02,2.13148E-06
SA(0.75),0.002105,1.25000E+02,2.22552E-06
SA(0.75),0.002105,1.35000E+02,1.59169E-06
SA(0.75),0.002105,1.45000E+02,1.00194E-06
SA(0.75),0.002105,1.55000E+02,5.05601E-07
SA(0.75),0.002105,1.65000E+02,3.31434E-07
SA(0.75),0.002105,1.75000E+02,1.06196E-07
SA(0.75),0.002105,1.85000E+02,4.88836E-08
SA(0.75),0.002105,1.95000E+02,7.58697E-09
SA(0.75),0.002105,2.05000E+02,1.37003E-11
SA(0.75),0.002105,2.15000E+02,0.00000E+00
SA(0.75),0.002105,2.25000E+02,0.00000E+00
SA(0.75),0.002105,2.35000E+02,0.00000E+00
SA(0.75),0.002105,2.45000E+02,0.00000E+00
SA(0.75),0.000404,5.00000E+00,1.18296E-04
SA(0.75),0.000404,1.50000E+01,1.95633E-04
SA(0.75),0.000404,2.50000E+01,6.03583E-05
SA(0.75),0.000404,3.50000E+01,2.29698E-05
SA(0.75),0.000404,4.50000E+01,7.90145E-06
SA(0.75),0.000404,5.50000E+01,1.16854E-06
SA(0.75),0.000404,6.50000E+01,3.80743E-07
SA(0.75),0.000404,7.50000E+01,1.11815E-07
SA(0.75),0.000404,8.50000E+01,1.36045E-08
SA(0.75),0.000404,9.50000E+01,5.03389E-10
SA(0.75),0.000404,1.05000E+02,0.00000E+00
SA(0.75),0.000404,1.15000E+02,0.00000E+00
SA(0.75),0.000404,1.25000E+02,0.00000E+00
SA(0.75),0.000404,1.35000E+02,0.00000E+00
SA(0.75),0.000404,1.45000E+02,0.00000E+00
SA(0.75),0.000404,1.55000E+02,0.00000E+00
SA(0.75),0.000404,1.65000E+02,0.00000E+00
SA(0.75),0.000404,1.75000E+02,0.00000E+00
SA(0.75),0.000404,1.85000E+02,0.00000E+00
SA(0.75),0.000404,1.95000E+02,0.00000E+00
SA(0.75),0.000404,2.05000E+02,0.00000E+00
SA(0.75),0.000404,2.15000E+02,0.00000E+00
SA(0.75),0.000404,2.25000E+02,0.00000E+00
SA(0.75),0.000404,2.35000E+02,0.00000E+00
SA(0.75),0.000404,2.45000E+02,0.00000E+00
SA(0.75),0.0002,5.00000E+00,8.23280E-05
SA(0.75),0.0002,1.50000E+01,9.14266E-05
SA(0.75),0.0002,2.50000E+01,2.01289E-05
SA(0.75),0.0002,3.50000E+01,6.05231E-06
SA(0.75),0.0002,4.50000E+01,1.36968E-06
SA(0.75),0.0002,5.50000E+01,1.06663E-07
SA(0.75),0.0002,6.50000E+01,9.47217E-09
SA(0.75),0.0002,7.50000E+01,0.00000E+00
SA(0.75),0.0002,8.50000E+01,0.00000E+00
SA(0.75),0.0002,9.50000E+01,0.00000E+00
SA(0.75),0.0002,1.05000E+02,0.00000E+00
SA(0.75),0.0002,1.15000E+02,0.00000E+00
SA(0.75),0.0002,1.25000E+02,0.00000E+00
SA(0.75),0.0002,1.35000E+02,0.00000E+00
SA(0.75),0.0002,1.45000E+02,0.00000E+00
SA(0.75),0.0002,1.55000E+02,0.00000E+00
SA(0.75),0.0002,1.65000E+02,0.00000E+00
SA(0.75),0.0002,1.75000E+02,0.00000E+00
SA(0.75),0.0002,1.85000E+02,0.00000E+00
SA(0.75),0.0002,1.95000E+02,0.00000E+00
SA(0.75),0.0002,2.05000E+02,0.00000E+00
SA(0.75),0.0002,2.15000E+02,0.00000E+00
SA(0.75),0.0002,2.25000E+02,0.00000E+00
SA(0.75),0.0002,2.35000E+02,0.00000E+00
SA(0.75),0.0002,2.45000E+02,0.00000E+00
SA(0.75),0.0001,5.00000E+00,5.36184E-05
SA(0.75),0.0001,1.50000E+01,3.98884E-05
SA(0.75),0.0001,2.50000E+01,5.96315E-06
SA(0.75),0.0001,3.50000E+01,1.24660E-06
SA(0.75),0.0001,4.50000E+01,1.07132E-07
SA(0.75),0.0001,5.50000E+01,2.42361E-10
SA(0.75),0.0001,6.50000E+01,0.00000E+00
SA(0.75),0.0001,7.50000E+01,0.00000E+00
SA(0.75),0.0001,8.50000E+01,0.00000E+00
SA(0.75),0.0001,9.50000E+01,0.00000E+00
SA(0.75),0.0001,1.05000E+02,0.00000E+00
SA(0.75),0.0001,1.15000E+02,0.00000E+00
SA(0.75),0.0001,1.25000E+02,0.00000E+00
SA(0.75),0.0001,1.35000E+02,0.00000E+00
SA(0.75),0.0001,1.45000E+02,0.00000E+00
SA(0.75),0.0001,1.55000E+02,0.00000E+00
SA(0.75),0.0001,1.65000E+02,0.00000E+00
SA(0.75),0.0001,1.75000E+02,0.00000E+00
SA(0.75),0.0001,1.85000E+02,0.00000E+00
SA(0.75),0.0001,1.95000E+02,0.00000E+00
SA(0.75),0.0001,2.05000E+02,0.00000E+00
SA(0.75),0.0001,2.15000E+02,0.00000E+00
SA(0.75),0.0001,2.25000E+02,0.00000E+00
SA(0.75),0.0001,2.35000E+02,0.00000E+00
SA(0.75),0.0001,2.45000E+02,0.00000E+00
SA(1.0),0.002105,5.00000E+00,2.00832E-04
SA(1.0),0.002105,1.50000E+01,7.93245E-04
SA(1.0),0.002105,2.50000E+01,4.92649E-04
SA(1.0),0.002105,3.50000E+01,3.00757E-04
SA(1.0),0.002105,4.50000E+01,1.93625E-04
SA(1.0),0.002105,5.50000E+01,5.12957E-05
SA(1.0),0.002105,6.50000E+01,2.97668E-05
SA(1.0),0.002105,7.50000E+01,1.83328E-05
SA(1.0),0.002105,8.50000E+01,8.90557E-06
SA(1.0),0.002105,9.50000E+01,6.54939E-06
SA(1.0),0.002105,1.05000E+02,4.62421E-06
SA(1.0),0.002105,1.15000E+02,3.36254E-06
SA(1.0),0.002105,1.25000E+02,3.80566E-06
SA(1.0),0.002105,1.35000E+02,3.04125E-06
SA(1.0),0.002105,1.45000E+02,2.14092E-06
SA(1.0),0.002105,1.55000E+02,1.27423E-06
SA(1.0),0.002105,1.65000E+02,1.01220E-06
SA(1.0),0.002105,1.75000E+02,4.44339E-07
SA(1.0),0.002105,1.85000E+02,3.17327E-07
SA(1.0),0.002105,1.95000E+02,1.43504E-07
SA(1.0),0.002105,2.05000E+02,5.79588E-08
SA(1.0),0.002105,2.15000E+02,1.65174E-08
SA(1.0),0.002105,2.25000E+02,5.60471E-09
SA(1.0),0.002105,2.35000E+02,2.32411E-10
SA(1.0),0.002105,2.45000E+02,0.00000E+00
SA(1.0),0.000404,5.00000E+00,1.17519E-04
SA(1.0),0.000404,1.50000E+01,1.91689E-04
SA(1.0),0.000404,2.50000E+01,6.15355E-05
SA(1.0),0.000404,3.50000E+01,2.50978E-05
SA(1.0),0.000404,4.50000E+01,8.95562E-06
SA(1.0),0.000404,5.50000E+01,1.41117E-06
SA(1.0),0.000404,6.50000E+01,5.39236E-07
SA(1.0),0.000404,7.50000E+01,1.95184E-07
SA(1.0),0.000404,8.50000E+01,3.84761E-08
SA(1.0),0.000404,9.50000E+01,1.00812E-08
SA(1.0),0.000404,1.05000E+02,1.53851E-10
SA(1.0),0.000404,1.15000E+02,0.00000E+00
SA(1.0),0.000404,1.25000E+02,0.00000E+00
SA(1.0),0.000404,1.35000E+02,0.00000E+00
SA(1.0),0.000404,1.45000E+02,0.00000E+00
SA(1.0),0.000404,1.55000E+02,0.00000E+00
SA(1.0),0.000404,1.65000E+02,0.00000E+00
SA(1.0),0.000404,1.75000E+02,0.00000E+00
SA(1.0),0.000404,1.85000E+02,0.00000E+00
SA(1.0),0.000404,1.95000E+02,0.00000E+00
SA(1.0),0.000404,2.05000E+02,0.00000E+00
SA(1.0),0.000404,2.15000E+02,0.00000E+00
SA(1.0),0.000404,2.25000E+02,0.00000E+00
SA(1.0),0.000404,2.35000E+02,0.00000E+00
SA(1.0),0.000404,2.45000E+02,0.00000E+00
SA(1.0),0.0002,5.00000E+00,8.17307E-05
SA(1.0),0.0002,1.50000E+01,9.04504E-05
SA(1.0),0.0002,2.50000E+01,2.06900E-05
SA(1.0),0.0002,3.50000E+01,6.78475E-06
SA(1.0),0.0002,4.50000E+01,1.67421E-06
SA(1.0),0.0002,5.50000E+01,1.58935E-07
SA(1.0),0.0002,6.50000E+01,2.99244E-08
SA(1.0),0.0002,7.50000E+01,1.08347E-09
SA(1.0),0.0002,8.50000E+01,0.00000E+00
SA(1.0),0.0002,9.50000E+01,0.00000E+00
SA(1.0),0.0002,1.05000E+02,0.00000E+00
SA(1.0),0.0002,1.15000E+02,0.00000E+00
SA(1.0),0.0002,1.25000E+02,0.00000E+00
SA(1.0),0.0002,1.35000E+02,0.00000E+00
SA(1.0),0.0002,1.45000E+02,0.00000E+00
SA(1.0),0.0002,1.55000E+02,0.00000E+00
SA(1.0),0.0002,1.65000E+02,0.00000E+00
SA(1.0),0.0002,1.75000E+02,0.00000E+00
SA(1.0),0.0002,1.85000E+02,0.00000E+00
SA(1.0),0.0002,1.95000E+02,0.00000E+00
SA(1.0),0.0002,2.05000E+02,0.00000E+00
SA(1.0),0.0002,2.15000E+02,0.00000E+00
SA(1.0),0.0002,2.25000E+02,0.00000E+00
SA(1.0),0.0002,2.35000E+02,0.00000E+00
SA(1.0),0.0002,2.45000E+02,0.00000E+00
SA(1.0),0.0001,5.00000E+00,5.31616E-05
SA(1.0),0.0001,1.50000E+01,3.98451E-05
SA(1.0),0.0001,2.50000E+01,6.23439E-06
SA(1.0),0.0001,3.50000E+01,1.48961E-06
SA(1.0),0.0001,4.50000E+01,1.76209E-07
SA(1.0),0.0001,5.50000E+01,2.32685E-09
SA(1.0),0.0001,6.50000E+01,0.00000E+00
SA(1.0),0.0001,7.50000E+01,0.00000E+00
SA(1.0),0.0001,8.50000E+01,0.00000E+00
SA(1.0),0.0001,9.50000E+01,0.00000E+00
SA(1.0),0.0001,1.05000E+02,0.00000E+00
SA(1.0),0.0001,1.15000E+02,0.00000E+00
SA(1.0),0.0001,1.25000E+02,0.00000E+00
SA(1.0),0.0001,1.35000E+02,0.00000E+00
SA(1.0),0.0001,1.45000E+02,0.00000E+00
SA(1.0),0.0001,1.55000E+02,0.00000E+00
SA(1.0),0.0001,1.65000E+02,0.00000E+00
SA(1.0),0.0001,1.75000E+02,0.00000E+00
SA(1.0),0.0001,1.85000E+02,0.00000E+00
SA(1.0),0.0001,1.95000E+02,0.00000E+00
SA(1.0),0.0001,2.05000E+02,0.00000E+00
SA(1.0),0.0001,2.15000E+02,0.00000E+00
SA(1.0),0.0001,2.25000E+02,0.00000E+00
SA(1.0),0.0001,2.35000E+02,0.00000E+00
SA(1.0),0.0001,2.45000E+02,0.00000E+00
SA(1.5),0.002105,5.00000E+00,1.96861E-04
SA(1.5),0.002105,1.50000E+01,7.25931E-04
SA(1.5),0.002105,2.50000E+01,4.76472E-04
SA(1.5),0.002105,3.50000E+01,3.11351E-04
SA(1.5),0.002105,4.50000E+01,2.09806E-04
SA(1.5),0.002105,5.50000E+01,5.87662E-05
SA(1.5),0.002105,6.50000E+01,3.64793E-05
SA(1.5),0.002105,7.50000E+01,2.44860E-05
SA(1.5),0.002105,8.50000E+01,1.25999E-05
SA(1.5),0.002105,9.50000E+01,1.03150E-05
SA(1.5),0.002105,1.05000E+02,7.88674E-06
SA(1.5),0.002105,1.15000E+02,6.21507E-06
SA(1.5),0.002105,1.25000E+02,7.66263E-06
SA(1.5),0.002105,1.35000E+02,6.82323E-06
SA(1.5),0.002105,1.45000E+02,5.33611E-06
SA(1.5),0.002105,1.55000E+02,3.63511E-06
SA(1.5),0.002105,1.65000E+02,3.28114E-06
SA(1.5),0.002105,1.75000E+02,1.77766E-06
SA(1.5),0.002105,1.85000E+02,1.48691E-06
SA(1.5),0.002105,1.95000E+02,8.94436E-07
SA(1.5),0.002105,2.05000E+02,5.32258E-07
SA(1.5),0.002105,2.15000E+02,2.58956E-07
SA(1.5),0.002105,2.25000E+02,1.90005E-07
SA(1.5),0.002105,2.35000E+02,1.09399E-07
SA(1.5),0.002105,2.45000E+02,7.56319E-08
SA(1.5),0.000404,5.00000E+00,1.15566E-04
SA(1.5),0.000404,1.50000E+01,1.83775E-04
SA(1.5),0.000404,2.50000E+01,6.31691E-05
SA(1.5),0.000404,3.50000E+01,2.89476E-05
SA(1.5),0.000404,4.50000E+01,1.12365E-05
SA(1.5),0.000404,5.50000E+01,1.96413E-06
SA(1.5),0.000404,6.50000E+01,9.17278E-07
SA(1.5),0.000404,7.50000E+01,4.15725E-07
SA(1.5),0.000404,8.50000E+01,1.16539E-07
SA(1.5),0.000404,9.50000E+01,6.66161E-08
SA(1.5),0.000404,1.05000E+02,2.59040E-08
SA(1.5),0.000404,1.15000E+02,4.37769E-09
SA(1.5),0.000404,1.25000E+02,1.34617E-11
SA(1.5),0.000404,1.35000E+02,0.00000E+00
SA(1.5),0.000404,1.45000E+02,0.00000E+00
SA(1.5),0.000404,1.55000E+02,0.00000E+00
SA(1.5),0.000404,1.65000E+02,0.00000E+00
SA(1.5),0.000404,1.75000E+02,0.00000E+00
SA(1.5),0.000404,1.85000E+02,0.00000E+00
SA(1.5),0.000404,1.95000E+02,0.00000E+00
SA(1.5),0.000404,2.05000E+02,0.00000E+00
SA(1.5),0.000404,2.15000E+02,0.00000E+00
SA(1.5),0.000404,2.25000E+02,0.00000E+00
SA(1.5),0.000404,2.35000E+02,0.00000E+00
SA(1.5),0.000404,2.45000E+02,0.00000E+00
SA(1.5),0.0002,5.00000E+00,8.08637E-05
SA(1.5),0.0002,1.50000E+01,8.79770E-05
SA(1.5),0.0002,2.50000E+01,2.17044E-05
SA(1.5),0.0002,3.50000E+01,8.20055E-06
SA(1.5),0.0002,4.50000E+01,2.34656E-06
SA(1.5),0.0002,5.50000E+01,2.82275E-07
SA(1.5),0.0002,6.50000E+01,9.72947E-08
SA(1.5),0.0002,7.50000E+01,1.78735E-08
SA(1.5),0.0002,8.50000E+01,5.13337E-10
SA(1.5),0.0002,9.50000E+01,0.00000E+00
SA(1.5),0.0002,1.05000E+02,0.00000E+00
SA(1.5),0.0002,1.15000E+02,0.00000E+00
SA(1.5),0.0002,1.25000E+02,0.00000E+00
SA(1.5),0.0002,1.35000E+02,0.00000E+00
SA(1.5),0.0002,1.45000E+02,0.00000E+00
SA(1.5),0.0002,1.55000E+02,0.00000E+00
SA(1.5),0.0002,1.65000E+02,0.00000E+00
SA(1.5),0.0002,1.75000E+02,0.00000E+00
SA(1.5),0.0002,1.85000E+02,0.00000E+00
SA(1.5),0.0002,1.95000E+02,0.00000E+00
SA(1.5),0.0002,2.05000E+02,0.00000E+00
SA(1.5),0.0002,2.15000E+02,0.00000E+00
SA(1.5),0.0002,2.25000E+02,0.00000E+00
SA(1.5),0.0002,2.35000E+02,0.00000E+00
SA(1.5),0.0002,2.45000E+02,0.00000E+00
SA(1.5),0.0001,5.00000E+00,5.28790E-05
SA(1.5),0.0001,1.50000E+01,3.89981E-05
SA(1.5),0.0001,2.50000E+01,6.67718E-06
SA(1.5),0.0001,3.50000E+01,1.93932E-06
SA(1.5),0.0001,4.50000E+01,3.31886E-07
SA(1.5),0.0001,5.50000E+01,1.38763E-08
SA(1.5),0.0001,6.50000E+01,2.22372E-11
SA(1.5),0.0001,7.50000E+01,0.00000E+00
SA(1.5),0.0001,8.50000E+01,0.00000E+00
SA(1.5),0.0001,9.50000E+01,0.00000E+00
SA(1.5),0.0001,1.05000E+02,0.00000E+00
SA(1.5),0.0001,1.15000E+02,0.00000E+00
SA(1.5),0.0001,1.25000E+02,0.00000E+00
SA(1.5),0.0001,1.35000E+02,0.00000E+00
SA(1.5),0.0001,1.45000E+02,0.00000E+00
SA(1.5),0.0001,1.55000E+02,0.00000E+00
SA(1.5),0.0001,1.65000E+02,0.00000E+00
SA(1.5),0.0001,1.75000E+02,0.00000E+00
SA(1.5),0.0001,1.85000E+02,0.00000E+00
SA(1.5),0.0001,1.95000E+02,0.00000E+00
SA(1.5),0.0001,2.05000E+02,0.00000E+00
SA(1.5),0.0001,2.15000E+02,0.00000E+00
SA(1.5),0.0001,2.25000E+02,0.00000E+00
SA(1.5),0.0001,2.35000E+02,0.00000E+00
SA(1.5),0.0001,2.45000E+02,0.00000E+00
SA(2.0),0.002105,5.00000E+00,1.96507E-04
SA(2.0),0.002105,1.50000E+01,7.13700E-04
SA(2.0),0.002105,2.50000E+01,4.77346E-04
SA(2.0),0.002105,3.50000E+01,3.17415E-04
SA(2.0),0.002105,4.50000E+01,2.13714E-04
SA(2.0),0.002105,5.50000E+01,5.97989E-05
SA(2.0),0.002105,6.50000E+01,3.71735E-05
SA(2.0),0.002105,7.50000E+01,2.51184E-05
SA(2.0),0.002105,8.50000E+01,1.26994E-05
SA(2.0),0.002105,9.50000E+01,1.05821E-05
SA(2.0),0.002105,1.05000E+02,8.06247E-06
SA(2.0),0.002105,1.15000E+02,6.20949E-06
SA(2.0),0.002105,1.25000E+02,7.66999E-06
SA(2.0),0.002105,1.35000E+02,6.75883E-06
SA(2.0),0.002105,1.45000E+02,5.24113E-06
SA(2.0),0.002105,1.55000E+02,3.49168E-06
SA(2.0),0.002105,1.65000E+02,3.12996E-06
SA(2.0),0.002105,1.75000E+02,1.64435E-06
SA(2.0),0.002105,1.85000E+02,1.36615E-06
SA(2.0),0.002105,1.95000E+02,7.95557E-07
SA(2.0),0.002105,2.05000E+02,4.61137E-07
SA(2.0),0.002105,2.15000E+02,2.11102E-07
SA(2.0),0.002105,2.25000E+02,1.55807E-07
SA(2.0),0.002105,2.35000E+02,8.40610E-08
SA(2.0),0.002105,2.45000E+02,5.65125E-08
SA(2.0),0.000404,5.00000E+00,1.15602E-04
SA(2.0),0.000404,1.50000E+01,1.82941E-04
SA(2.0),0.000404,2.50000E+01,6.31168E-05
SA(2.0),0.000404,3.50000E+01,2.93836E-05
SA(2.0),0.000404,4.50000E+01,1.12150E-05
SA(2.0),0.000404,5.50000E+01,1.91740E-06
SA(2.0),0.000404,6.50000E+01,9.13296E-07
SA(2.0),0.000404,7.50000E+01,4.02131E-07
SA(2.0),0.000404,8.50000E+01,1.12471E-07
SA(2.0),0.000404,9.50000E+01,6.22158E-08
SA(2.0),0.000404,1.05000E+02,2.34484E-08
SA(2.0),0.000404,1.15000E+02,3.09657E-09
SA(2.0),0.000404,1.25000E+02,0.00000E+00
SA(2.0),0.000404,1.35000E+02,0.00000E+00
SA(2.0),0.000404,1.45000E+02,0.00000E+00
SA(2.0),0.000404,1.55000E+02,0.00000E+00
SA(2.0),0.000404,1.65000E+02,0.00000E+00
SA(2.0),0.000404,1.75000E+02,0.00000E+00
SA(2.0),0.000404,1.85000E+02,0.00000E+00
SA(2.0),0.000404,1.95000E+02,0.00000E+00
SA(2.0),0.000404,2.05000E+02,0.00000E+00
SA(2.0),0.000404,2.15000E+02,0.00000E+00
SA(2.0),0.000404,2.25000E+02,0.00000E+00
SA(2.0),0.000404,2.35000E+02,0.00000E+00
SA(2.0),0.000404,2.45000E+02,0.00000E+00
SA(2.0),0.0002,5.00000E+00,8.10021E-05
SA(2.0),0.0002,1.50000E+01,8.77883E-05
SA(2.0),0.0002,2.50000E+01,2.15595E-05
SA(2.0),0.0002,3.50000E+01,8.25014E-06
SA(2.0),0.0002,4.50000E+01,2.32026E-06
SA(2.0),0.0002,5.50000E+01,2.72041E-07
SA(2.0),0.0002,6.50000E+01,9.48602E-08
SA(2.0),0.0002,7.50000E+01,1.76066E-08
SA(2.0),0.0002,8.50000E+01,4.27519E-10
SA(2.0),0.0002,9.50000E+01,0.00000E+00
SA(2.0),0.0002,1.05000E+02,0.00000E+00
SA(2.0),0.0002,1.15000E+02,0.00000E+00
SA(2.0),0.0002,1.25000E+02,0.00000E+00
SA(2.0),0.0002,1.35000E+02,0.00000E+00
SA(2.0),0.0002,1.45000E+02,0.00000E+00
SA(2.0),0.0002,1.55000E+02,0.00000E+00
SA(2.0),0.0002,1.65000E+02,0.00000E+00
SA(2.0),0.0002,1.75000E+02,0.00000E+00
SA(2.0),0.0002,1.85000E+02,0.00000E+00
SA(2.0),0.0002,1.95000E+02,0.00000E+00
SA(2.0),0.0002,2.05000E+02,0.00000E+00
SA(2.0),0.0002,2.15000E+02,0.00000E+00
SA(2.0),0.0002,2.25000E+02,0.00000E+00
SA(2.0),0.0002,2.35000E+02,0.00000E+00
SA(2.0),0.0002,2.45000E+02,0.00000E+00
SA(2.0),0.0001,5.00000E+00,5.30013E-05
SA(2.0),0.0001,1.50000E+01,3.88877E-05
SA(2.0),0.0001,2.50000E+01,6.58520E-06
SA(2.0),0.0001,3.50000E+01,1.93415E-06
SA(2.0),0.0001,4.50000E+01,3.30264E-07
SA(2.0),0.0001,5.50000E+01,1.38022E-08
SA(2.0),0.0001,6.50000E+01,2.23588E-11
SA(2.0),0.0001,7.50000E+01,0.00000E+00
SA(2.0),0.0001,8.50000E+01,0.00000E+00
SA(2.0),0.0001,9.50000E+01,0.00000E+00
SA(2.0),0.0001,1.05000E+02,0.00000E+00
SA(2.0),0.0001,1.15000E+02,0.00000E+00
SA(2.0),0.0001,1.25000E+02,0.00000E+00
SA(2.0),0.0001,1.35000E+02,0.00000E+00
SA(2.0),0.0001,1.45000E+02,0.00000E+00
SA(2.0),0.0001,1.55000E+02,0.00000E+00
SA(2.0),0.0001,1.65000E+02,0.00000E+00
SA(2.0),0.0001,1.75000E+02,0.00000E+00
SA(2.0),0.0001,1.85000E+02,0.00000E+00
SA(2.0),0.0001,1.95000E+02,0.00000E+00
SA(2.0),0.0001,2.05000E+02,0.00000E+00
SA(2.0),0.0001,2.15000E+02,0.00000E+00
SA(2.0),0.0001,2.25000E+02,0.00000E+00
SA(2.0),0.0001,2.35000E+02,0.00000E+00
SA(2.0),0.0001,2.45000E+02,0.00000E+00
SA(3.0),0.002105,5.00000E+00,1.88439E-04
SA(3.0),0.002105,1.50000E+01,6.28074E-04
SA(3.0),0.002105,2.50000E+01,4.45536E-04
SA(3.0),0.002105,3.50000E+01,3.23635E-04
SA(3.0),0.002105,4.50000E+01,2.30360E-04
SA(3.0),0.002105,5.50000E+01,6.88957E-05
SA(3.0),0.002105,6.50000E+01,4.66555E-05
SA(3.0),0.002105,7.50000E+01,3.45734E-05
SA(3.0),0.002105,8.50000E+01,1.85157E-05
SA(3.0),0.002105,9.50000E+01,1.72783E-05
SA(3.0),0.002105,1.05000E+02,1.42575E-05
SA(3.0),0.002105,1.15000E+02,1.17323E-05
SA(3.0),0.002105,1.25000E+02,1.56504E-05
SA(3.0),0.002105,1.35000E+02,1.50826E-05
SA(3.0),0.002105,1.45000E+02,1.26909E-05
SA(3.0),0.002105,1.55000E+02,9.22691E-06
SA(3.0),0.002105,1.65000E+02,9.04024E-06
SA(3.0),0.002105,1.75000E+02,5.28714E-06
SA(3.0),0.002105,1.85000E+02,4.79203E-06
SA(3.0),0.002105,1.95000E+02,3.16314E-06
SA(3.0),0.002105,2.05000E+02,2.08427E-06
SA(3.0),0.002105,2.15000E+02,1.15234E-06
SA(3.0),0.002105,2.25000E+02,9.75510E-07
SA(3.0),0.002105,2.35000E+02,6.37132E-07
SA(3.0),0.002105,2.45000E+02,5.00845E-07
SA(3.0),0.000404,5.00000E+00,1.09166E-04
SA(3.0),0.000404,1.50000E+01,1.71704E-04
SA(3.0),0.000404,2.50000E+01,6.62851E-05
SA(3.0),0.000404,3.50000E+01,3.64943E-05
SA(3.0),0.000404,4.50000E+01,1.58354E-05
SA(3.0),0.000404,5.50000E+01,3.04949E-06
SA(3.0),0.000404,6.50000E+01,1.82135E-06
SA(3.0),0.000404,7.50000E+01,9.54954E-07
SA(3.0),0.000404,8.50000E+01,3.41720E-07
SA(3.0),0.000404,9.50000E+01,2.69429E-07
SA(3.0),0.000404,1.05000E+02,1.68722E-07
SA(3.0),0.000404,1.15000E+02,8.33083E-08
SA(3.0),0.000404,1.25000E+02,7.63985E-08
SA(3.0),0.000404,1.35000E+02,4.44887E-08
SA(3.0),0.000404,1.45000E+02,1.66109E-08
SA(3.0),0.000404,1.55000E+02,7.15822E-10
SA(3.0),0.000404,1.65000E+02,0.00000E+00
SA(3.0),0.000404,1.75000E+02,0.00000E+00
SA(3.0),0.000404,1.85000E+02,0.00000E+00
SA(3.0),0.000404,1.95000E+02,0.00000E+00
SA(3.0),0.000404,2.05000E+02,0.00000E+00
SA(3.0),0.000404,2.15000E+02,0.00000E+00
SA(3.0),0.000404,2.25000E+02,0.00000E+00
SA(3.0),0.000404,2.35000E+02,0.00000E+00
SA(3.0),0.000404,2.45000E+02,0.00000E+00
SA(3.0),0.0002,5.00000E+00,7.67272E-05
SA(3.0),0.0002,1.50000E+01,8.47449E-05
SA(3.0),0.0002,2.50000E+01,2.40079E-05
SA(3.0),0.0002,3.50000E+01,1.12223E-05
SA(3.0),0.0002,4.50000E+01,3.85416E-06
SA(3.0),0.0002,5.50000E+01,5.64839E-07
SA(3.0),0.0002,6.50000E+01,3.06403E-07
SA(3.0),0.0002,7.50000E+01,1.09806E-07
SA(3.0),0.0002,8.50000E+01,2.92146E-08
SA(3.0),0.0002,9.50000E+01,1.12011E-08
SA(3.0),0.0002,1.05000E+02,1.04678E-09
SA(3.0),0.0002,1.15000E+02,0.00000E+00
SA(3.0),0.0002,1.25000E+02,0.00000E+00
SA(3.0),0.0002,1.35000E+02,0.00000E+00
SA(3.0),0.0002,1.45000E+02,0.00000E+00
SA(3.0),0.0002,1.55000E+02,0.00000E+00
SA(3.0),0.0002,1.65000E+02,0.00000E+00
SA(3.0),0.0002,1.75000E+02,0.00000E+00
SA(3.0),0.0002,1.85000E+02,0.00000E+00
SA(3.0),0.0002,1.95000E+02,0.00000E+00
SA(3.0),0.0002,2.05000E+02,0.00000E+00
SA(3.0),0.0002,2.15000E+02,0.00000E+00
SA(3.0),0.0002,2.25000E+02,0.00000E+00
SA(3.0),0.0002,2.35000E+02,0.00000E+00
SA(3.0),0.0002,2.45000E+02,0.00000E+00
SA(3.0),0.0001,5.00000E+00,5.06278E-05
SA(3.0),0.0001,1.50000E+01,3.86020E-05
SA(3.0),0.0001,2.50000E+01,7.87310E-06
SA(3.0),0.0001,3.50000E+01,2.99741E-06
SA(3.0),0.0001,4.50000E+01,7.54549E-07
SA(3.0),0.0001,5.50000E+01,6.77172E-08
SA(3.0),0.0001,6.50000E+01,2.13308E-08
SA(3.0),0.0001,7.50000E+01,1.14904E-09
SA(3.0),0.0001,8.50000E+01,0.00000E+00
SA(3.0),0.0001,9.50000E+01,0.00000E+00
SA(3.0),0.0001,1.05000E+02,0.00000E+00
SA(3.0),0.0001,1.15000E+02,0.00000E+00
SA(3.0),0.0001,1.25000E+02,0.00000E+00
SA(3.0),0.0001,1.35000E+02,0.00000E+00
SA(3.0),0.0001,1.45000E+02,0.00000E+00
SA(3.0),0.0001,1.55000E+02,0.00000E+00
SA(3.0),0.0001,1.65000E+02,0.00000E+00
SA(3.0),0.0001,1.75000E+02,0.00000E+00
SA(3.0),0.0001,1.85000E+02,0.00000E+00
SA(3.0),0.0001,1.95000E+02,0.00000E+00
SA(3.0),0.0001,2.05000E+02,0.00000E+00
SA(3.0),0.0001,2.15000E+02,0.00000E+00
SA(3.0),0.0001,2.25000E+02,0.00000E+00
SA(3.0),0.0001,2.35000E+02,0.00000E+00
SA(3.0),0.0001,2.45000E+02,0.00000E+00
